<?xml version="1.0" encoding="utf-8"?>
<edmx:Edmx Version="1.0" xmlns:edmx="http://schemas.microsoft.com/ado/2007/06/edmx" xmlns:m="http://schemas.microsoft.com/ado/2007/08/dataservices/metadata" xmlns:sap="http://www.sap.com/Protocols/SAPData">
    <edmx:DataServices m:DataServiceVersion="2.0">
        <Schema Namespace="ZSV_RECLAMO_LIST_SRV" xml:lang="es" sap:schema-version="1" xmlns="http://schemas.microsoft.com/ado/2008/09/edm">
            <EntityType Name="PDF_Reclamos" m:HasStream="true" sap:content-version="1">
                <Key>
                    <PropertyRef Name="reclamo"/>
                </Key>
                <Property Name="reclamo" Type="Edm.String" Nullable="false" MaxLength="10" sap:label="Reclamo" sap:creatable="false" sap:updatable="false"/>
                <Property Name="recuri" Type="Edm.String" sap:label="Reclamo URI" sap:sortable="false" sap:filterable="false"/>
                <Property Name="recmimetype" Type="Edm.String" MaxLength="128" sap:label="Reclamo Type" sap:sortable="false" sap:filterable="false"/>
            </EntityType>
            <EntityType Name="Reclamos" sap:content-version="1">
                <Key>
                    <PropertyRef Name="id"/>
                </Key>
                <Property Name="id" Type="Edm.String" Nullable="false" MaxLength="10" sap:label="Reclamo" sap:creatable="false" sap:updatable="false"/>
                <Property Name="cliente" Type="Edm.String" Nullable="false" MaxLength="10" sap:label="Cliente" sap:creatable="false" sap:updatable="false"/>
                <Property Name="nombre" Type="Edm.String" Nullable="false" MaxLength="30" sap:label="Nombre" sap:creatable="false" sap:updatable="false"/>
                <Property Name="fecha" Type="Edm.DateTimeOffset" Precision="0" sap:label="Fecha" sap:creatable="false" sap:updatable="false"/>
                <Property Name="lugar_deteccion" Type="Edm.String" MaxLength="50" sap:label="Lugar de Deteccion" sap:creatable="false" sap:updatable="false" sap:filterable="false"/>
                <Property Name="tipo_reclamo" Type="Edm.String" sap:label="Tipo de Reclamo(Cod.)" sap:creatable="false" sap:updatable="false"/>
                <Property Name="otro_reclamo" Type="Edm.String" MaxLength="50" sap:label="Otro Reclamo" sap:creatable="false" sap:updatable="false"/>
                <Property Name="producto_id" Type="Edm.String" sap:label="Producto(Cod.)" sap:creatable="false" sap:updatable="false" sap:filterable="false"/>
                <Property Name="cantidad" Type="Edm.Decimal" Precision="13" Scale="2" sap:label="Cantidad" sap:creatable="false" sap:updatable="false" sap:filterable="false"/>
                <Property Name="compos_quim" Type="Edm.String" MaxLength="50" sap:label="Composicion Quimica" sap:creatable="false" sap:updatable="false" sap:filterable="false"/>
                <Property Name="terminal" Type="Edm.String" MaxLength="3" sap:label="Terminal(Cod.)" sap:creatable="false" sap:updatable="false" sap:filterable="false"/>
                <Property Name="transporte" Type="Edm.String" MaxLength="3" sap:label="Transporte(Cod.)" sap:creatable="false" sap:updatable="false" sap:filterable="false"/>
                <Property Name="remitos" Type="Edm.String" MaxLength="50" sap:label="Remitos" sap:creatable="false" sap:updatable="false" sap:filterable="false"/>
                <Property Name="pruebas_pres" Type="Edm.String" MaxLength="100" sap:label="Pruebas Presentadas" sap:creatable="false" sap:updatable="false" sap:sortable="false" sap:filterable="false"/>
                <Property Name="observaciones" Type="Edm.String" MaxLength="200" sap:label="Observaciones" sap:creatable="false" sap:updatable="false" sap:sortable="false" sap:filterable="false"/>
                <Property Name="contacto_nom" Type="Edm.String" MaxLength="50" sap:label="Persona de Contacto" sap:creatable="false" sap:updatable="false" sap:filterable="false"/>
                <Property Name="contacto_tel" Type="Edm.String" MaxLength="50" sap:label="Telefono de Contacto" sap:creatable="false" sap:updatable="false" sap:filterable="false"/>
                <Property Name="contacto_mail" Type="Edm.String" MaxLength="50" sap:label="Mail de Contacto" sap:creatable="false" sap:updatable="false" sap:filterable="false"/>
                <Property Name="fecha_det" Type="Edm.DateTimeOffset" Precision="0" sap:label="Fe.Deteccion" sap:creatable="false" sap:updatable="false" sap:filterable="false"/>
                <Property Name="fecha_carga" Type="Edm.DateTimeOffset" Precision="0" sap:label="Fe.Carga" sap:creatable="false" sap:updatable="false" sap:filterable="false"/>
                <Property Name="bzirk" Type="Edm.String" MaxLength="6" sap:label="Zona(Cod.)" sap:creatable="false" sap:updatable="false"/>
                <Property Name="bztxt" Type="Edm.String" MaxLength="20" sap:label="Zona" sap:creatable="false" sap:updatable="false" sap:value-list="fixed-values"/>
                <Property Name="brsch" Type="Edm.String" MaxLength="4" sap:label="Segmento(Cod.)" sap:creatable="false" sap:updatable="false"/>
                <Property Name="brtxt" Type="Edm.String" MaxLength="20" sap:label="Segmento" sap:creatable="false" sap:updatable="false" sap:value-list="fixed-values"/>
                <Property Name="categoria" Type="Edm.String" MaxLength="20" sap:label="Categoria" sap:creatable="false" sap:updatable="false" sap:filterable="false"/>
                <Property Name="tipotxt" Type="Edm.String" MaxLength="50" sap:label="Tipo de Reclamo" sap:creatable="false" sap:updatable="false" sap:value-list="fixed-values"/>
                <Property Name="maktx" Type="Edm.String" MaxLength="40" sap:label="Producto" sap:creatable="false" sap:updatable="false" sap:filterable="false"/>
                <Property Name="terminaltxt" Type="Edm.String" MaxLength="30" sap:label="Terminal" sap:creatable="false" sap:updatable="false" sap:filterable="false"/>
                <Property Name="transportetxt" Type="Edm.String" MaxLength="20" sap:label="Transporte a Cargo de" sap:creatable="false" sap:updatable="false" sap:filterable="false"/>
                <Property Name="id_externo" Type="Edm.String" MaxLength="25" sap:label="ID Externo" sap:creatable="false" sap:updatable="false"/>
            </EntityType>
            <EntityType Name="VH_Clientes" sap:content-version="1">
                <Key>
                    <PropertyRef Name="kunnr"/>
                </Key>
                <Property Name="kunnr" Type="Edm.String" Nullable="false" MaxLength="10" sap:label="Cliente" sap:creatable="false" sap:updatable="false"/>
                <Property Name="name1" Type="Edm.String" MaxLength="30" sap:label="Nombre" sap:creatable="false" sap:updatable="false"/>
            </EntityType>
            <EntityType Name="VH_Tipo" sap:content-version="1">
                <Key>
                    <PropertyRef Name="tipo"/>
                </Key>
                <Property Name="tipo" Type="Edm.String" Nullable="false" MaxLength="3" sap:label="Tipo" sap:creatable="false" sap:updatable="false"/>
                <Property Name="descripcion" Type="Edm.String" MaxLength="50" sap:label="Descripcion" sap:creatable="false" sap:updatable="false"/>
            </EntityType>
            <EntityType Name="VH_Terminales" sap:content-version="1">
                <Key>
                    <PropertyRef Name="terminal"/>
                </Key>
                <Property Name="terminal" Type="Edm.String" Nullable="false" MaxLength="3" sap:label="Terminal" sap:creatable="false" sap:updatable="false"/>
                <Property Name="descripcion" Type="Edm.String" MaxLength="70" sap:label="Descripcion" sap:creatable="false" sap:updatable="false"/>
            </EntityType>
            <EntityType Name="VH_Zona" sap:content-version="1">
                <Key>
                    <PropertyRef Name="bzirk"/>
                </Key>
                <Property Name="bzirk" Type="Edm.String" Nullable="false" MaxLength="6" sap:label="Zona(Cod.)" sap:creatable="false" sap:updatable="false"/>
                <Property Name="bztxt" Type="Edm.String" MaxLength="20" sap:label="Zona" sap:creatable="false" sap:updatable="false"/>
            </EntityType>
            <EntityType Name="VH_Segmento" sap:content-version="1">
                <Key>
                    <PropertyRef Name="brsch"/>
                </Key>
                <Property Name="brsch" Type="Edm.String" Nullable="false" MaxLength="4" sap:label="Segmento(Cod.)" sap:creatable="false" sap:updatable="false"/>
                <Property Name="brtxt" Type="Edm.String" MaxLength="20" sap:label="Segmento" sap:creatable="false" sap:updatable="false"/>
            </EntityType>
            <EntityType Name="KPI_Segmento" sap:content-version="1">
                <Key>
                    <PropertyRef Name="fecha"/>
                    <PropertyRef Name="brsch"/>
                    <PropertyRef Name="brtxt"/>
                </Key>
                <Property Name="fecha" Type="Edm.String" Nullable="false" MaxLength="8" sap:label="Fecha Desde" sap:creatable="false" sap:updatable="false"/>
                <Property Name="brsch" Type="Edm.String" Nullable="false" MaxLength="4" sap:label="Segmento(Cod.)" sap:creatable="false" sap:updatable="false"/>
                <Property Name="brtxt" Type="Edm.String" Nullable="false" MaxLength="20" sap:label="Segmento" sap:creatable="false" sap:updatable="false"/>
                <Property Name="contador" Type="Edm.Int16" sap:label="Reclamos" sap:creatable="false" sap:updatable="false"/>
            </EntityType>
            <EntityType Name="KPI_Tipo" sap:content-version="1">
                <Key>
                    <PropertyRef Name="fecha"/>
                    <PropertyRef Name="tipo"/>
                    <PropertyRef Name="descripcion"/>
                </Key>
                <Property Name="fecha" Type="Edm.String" Nullable="false" MaxLength="8" sap:label="Fecha" sap:creatable="false" sap:updatable="false"/>
                <Property Name="tipo" Type="Edm.String" Nullable="false" MaxLength="3" sap:label="Tipo" sap:creatable="false" sap:updatable="false"/>
                <Property Name="descripcion" Type="Edm.String" Nullable="false" MaxLength="50" sap:label="Descripcion" sap:creatable="false" sap:updatable="false"/>
                <Property Name="contador" Type="Edm.Int16" sap:label="Cantidad" sap:creatable="false" sap:updatable="false"/>
            </EntityType>
            <EntityType Name="KPI_Categoria" sap:content-version="1">
                <Key>
                    <PropertyRef Name="fecha"/>
                    <PropertyRef Name="categoria"/>
                </Key>
                <Property Name="fecha" Type="Edm.String" Nullable="false" MaxLength="8" sap:label="Fecha Desde" sap:creatable="false" sap:updatable="false"/>
                <Property Name="categoria" Type="Edm.String" Nullable="false" MaxLength="20" sap:label="Categoria" sap:creatable="false" sap:updatable="false"/>
                <Property Name="contador" Type="Edm.Int16" sap:label="Cantidad" sap:creatable="false" sap:updatable="false"/>
            </EntityType>
            <EntityType Name="KPI_Zona" sap:content-version="1">
                <Key>
                    <PropertyRef Name="fecha"/>
                    <PropertyRef Name="bzirk"/>
                    <PropertyRef Name="bztxt"/>
                </Key>
                <Property Name="fecha" Type="Edm.String" Nullable="false" MaxLength="8" sap:label="Fecha Desde" sap:creatable="false" sap:updatable="false"/>
                <Property Name="bzirk" Type="Edm.String" Nullable="false" MaxLength="6" sap:label="Zona(Cod.)" sap:creatable="false" sap:updatable="false"/>
                <Property Name="bztxt" Type="Edm.String" Nullable="false" MaxLength="20" sap:label="Zona" sap:creatable="false" sap:updatable="false"/>
                <Property Name="contador" Type="Edm.Int16" sap:label="Cantidad" sap:creatable="false" sap:updatable="false"/>
            </EntityType>
            <EntityContainer Name="ZSV_RECLAMO_LIST_SRV_Entities" m:IsDefaultEntityContainer="true" sap:supported-formats="atom json">
                <EntitySet Name="PDF_ReclamosSet" EntityType="ZSV_RECLAMO_LIST_SRV.PDF_Reclamos" sap:creatable="false" sap:updatable="false" sap:deletable="false" sap:pageable="false" sap:addressable="false" sap:content-version="1"/>
                <EntitySet Name="ReclamosSet" EntityType="ZSV_RECLAMO_LIST_SRV.Reclamos" sap:creatable="false" sap:updatable="false" sap:deletable="false" sap:pageable="false" sap:addressable="false" sap:content-version="1"/>
                <EntitySet Name="VH_ClientesSet" EntityType="ZSV_RECLAMO_LIST_SRV.VH_Clientes" sap:creatable="false" sap:updatable="false" sap:deletable="false" sap:pageable="false" sap:addressable="false" sap:content-version="1"/>
                <EntitySet Name="VH_TipoSet" EntityType="ZSV_RECLAMO_LIST_SRV.VH_Tipo" sap:creatable="false" sap:updatable="false" sap:deletable="false" sap:pageable="false" sap:addressable="false" sap:content-version="1" sap:semantics="fixed-values"/>
                <EntitySet Name="VH_TerminalesSet" EntityType="ZSV_RECLAMO_LIST_SRV.VH_Terminales" sap:creatable="false" sap:updatable="false" sap:deletable="false" sap:pageable="false" sap:addressable="false" sap:content-version="1"/>
                <EntitySet Name="VH_ZonaSet" EntityType="ZSV_RECLAMO_LIST_SRV.VH_Zona" sap:creatable="false" sap:updatable="false" sap:deletable="false" sap:pageable="false" sap:addressable="false" sap:content-version="1" sap:semantics="fixed-values"/>
                <EntitySet Name="VH_SegmentoSet" EntityType="ZSV_RECLAMO_LIST_SRV.VH_Segmento" sap:creatable="false" sap:updatable="false" sap:deletable="false" sap:pageable="false" sap:addressable="false" sap:content-version="1" sap:semantics="fixed-values"/>
                <EntitySet Name="KPI_SegmentoSet" EntityType="ZSV_RECLAMO_LIST_SRV.KPI_Segmento" sap:creatable="false" sap:updatable="false" sap:deletable="false" sap:pageable="false" sap:addressable="false" sap:content-version="1"/>
                <EntitySet Name="KPI_TipoSet" EntityType="ZSV_RECLAMO_LIST_SRV.KPI_Tipo" sap:creatable="false" sap:updatable="false" sap:deletable="false" sap:pageable="false" sap:addressable="false" sap:content-version="1"/>
                <EntitySet Name="KPI_CategoriaSet" EntityType="ZSV_RECLAMO_LIST_SRV.KPI_Categoria" sap:creatable="false" sap:updatable="false" sap:deletable="false" sap:pageable="false" sap:addressable="false" sap:content-version="1"/>
                <EntitySet Name="KPI_ZonaSet" EntityType="ZSV_RECLAMO_LIST_SRV.KPI_Zona" sap:creatable="false" sap:updatable="false" sap:deletable="false" sap:pageable="false" sap:addressable="false" sap:content-version="1"/>
            </EntityContainer>
            <Annotations Target="ZSV_RECLAMO_LIST_SRV.Reclamos/cliente" xmlns="http://docs.oasis-open.org/odata/ns/edm">
                <Annotation Term="com.sap.vocabularies.Common.v1.ValueList">
                    <Record Type="com.sap.vocabularies.Common.v1.ValueListType">
                        <PropertyValue Property="CollectionPath" String="VH_ClientesSet"/>
                        <PropertyValue Property="SearchSupported" Bool="true"/>
                        <PropertyValue Property="Parameters">
                            <Collection>
                                <Record Type="com.sap.vocabularies.Common.v1.ValueListParameterOut">
                                    <PropertyValue Property="LocalDataProperty" PropertyPath="cliente"/>
                                    <PropertyValue Property="ValueListProperty" String="kunnr"/>
                                </Record>
                                <Record Type="com.sap.vocabularies.Common.v1.ValueListParameterDisplayOnly">
                                    <PropertyValue Property="ValueListProperty" String="name1"/>
                                </Record>
                            </Collection>
                        </PropertyValue>
                    </Record>
                </Annotation>
            </Annotations>
            <Annotations Target="ZSV_RECLAMO_LIST_SRV.Reclamos/tipotxt" xmlns="http://docs.oasis-open.org/odata/ns/edm">
                <Annotation Term="com.sap.vocabularies.Common.v1.ValueList">
                    <Record Type="com.sap.vocabularies.Common.v1.ValueListType">
                        <PropertyValue Property="CollectionPath" String="VH_TipoSet"/>
                        <PropertyValue Property="SearchSupported" Bool="true"/>
                        <PropertyValue Property="Parameters">
                            <Collection>
                                <Record Type="com.sap.vocabularies.Common.v1.ValueListParameterOut">
                                    <PropertyValue Property="LocalDataProperty" PropertyPath="tipotxt"/>
                                    <PropertyValue Property="ValueListProperty" String="descripcion"/>
                                </Record>
                            </Collection>
                        </PropertyValue>
                    </Record>
                </Annotation>
            </Annotations>
            <Annotations Target="ZSV_RECLAMO_LIST_SRV.Reclamos/bztxt" xmlns="http://docs.oasis-open.org/odata/ns/edm">
                <Annotation Term="com.sap.vocabularies.Common.v1.ValueList">
                    <Record Type="com.sap.vocabularies.Common.v1.ValueListType">
                        <PropertyValue Property="CollectionPath" String="VH_ZonaSet"/>
                        <PropertyValue Property="SearchSupported" Bool="true"/>
                        <PropertyValue Property="Parameters">
                            <Collection>
                                <Record Type="com.sap.vocabularies.Common.v1.ValueListParameterOut">
                                    <PropertyValue Property="LocalDataProperty" PropertyPath="bztxt"/>
                                    <PropertyValue Property="ValueListProperty" String="bztxt"/>
                                </Record>
                            </Collection>
                        </PropertyValue>
                    </Record>
                </Annotation>
            </Annotations>
            <Annotations Target="ZSV_RECLAMO_LIST_SRV.Reclamos/brtxt" xmlns="http://docs.oasis-open.org/odata/ns/edm">
                <Annotation Term="com.sap.vocabularies.Common.v1.ValueList">
                    <Record Type="com.sap.vocabularies.Common.v1.ValueListType">
                        <PropertyValue Property="CollectionPath" String="VH_SegmentoSet"/>
                        <PropertyValue Property="SearchSupported" Bool="true"/>
                        <PropertyValue Property="Parameters">
                            <Collection>
                                <Record Type="com.sap.vocabularies.Common.v1.ValueListParameterOut">
                                    <PropertyValue Property="LocalDataProperty" PropertyPath="brtxt"/>
                                    <PropertyValue Property="ValueListProperty" String="brtxt"/>
                                </Record>
                            </Collection>
                        </PropertyValue>
                    </Record>
                </Annotation>
            </Annotations>
            <atom:link rel="self" href="http://proferdev:8001/sap/opu/odata/sap/ZSV_RECLAMO_LIST_SRV/$metadata" xmlns:atom="http://www.w3.org/2005/Atom"/>
            <atom:link rel="latest-version" href="http://proferdev:8001/sap/opu/odata/sap/ZSV_RECLAMO_LIST_SRV/$metadata" xmlns:atom="http://www.w3.org/2005/Atom"/>
        </Schema>
    </edmx:DataServices>
</edmx:Edmx>