<?xml version="1.0" encoding="utf-8"?>
<edmx:Edmx Version="1.0" xmlns:edmx="http://schemas.microsoft.com/ado/2007/06/edmx" xmlns:m="http://schemas.microsoft.com/ado/2007/08/dataservices/metadata" xmlns:sap="http://www.sap.com/Protocols/SAPData">
    <edmx:DataServices m:DataServiceVersion="2.0">
        <Schema Namespace="ZSV_NOTIFIC_SRV" xml:lang="es" sap:schema-version="1" xmlns="http://schemas.microsoft.com/ado/2008/09/edm">
            <EntityType Name="Notificacion" sap:content-version="1">
                <Key>
                    <PropertyRef Name="kunnr"/>
                    <PropertyRef Name="posicion"/>
                </Key>
                <Property Name="kunnr" Type="Edm.String" Nullable="false" MaxLength="10" sap:label="Cod.Cliente" sap:updatable="false"/>
                <Property Name="posicion" Type="Edm.String" Nullable="false" MaxLength="15" sap:label="Posicion" sap:updatable="false"/>
                <Property Name="usermail" Type="Edm.String" Nullable="false" MaxLength="45" sap:label="Email"/>
                <Property Name="titulo" Type="Edm.String" MaxLength="50" sap:label="Tiutlo"/>
                <Property Name="descripcion" Type="Edm.String" MaxLength="200" sap:label="Descripcion"/>
                <Property Name="prioridad" Type="Edm.String" MaxLength="1" sap:label="Prioridad"/>
                <Property Name="tipo" Type="Edm.String" MaxLength="20" sap:label="Importancia"/>
                <Property Name="clase" Type="Edm.String" MaxLength="20" sap:label="Clase"/>
                <Property Name="fdesde" Type="Edm.DateTimeOffset" Precision="0" sap:label="Valido Desde"/>
                <Property Name="fhasta" Type="Edm.DateTimeOffset" Precision="0" sap:label="Valido Hasta"/>
                <Property Name="credat" Type="Edm.DateTimeOffset" Precision="0" sap:label="Fe.Creacion"/>
                <Property Name="cruser" Type="Edm.String" MaxLength="12" sap:label="Creada por"/>
                <Property Name="leido" Type="Edm.String" MaxLength="1" sap:label="Leida"/>
                <Property Name="suspendida" Type="Edm.String" MaxLength="1" sap:label="Inactivo"/>
                <Property Name="closebtn" Type="Edm.String" MaxLength="1" sap:label="Boton Cerrar"/>
                <Property Name="counter" Type="Edm.Byte" sap:label="Contador" sap:sortable="false" sap:filterable="false"/>
                <Property Name="link" Type="Edm.String" MaxLength="200" sap:label="LinkUrl" sap:sortable="false" sap:filterable="false"/>
                <Property Name="imagen" Type="Edm.String" MaxLength="45" sap:label="Icono" sap:filterable="false"/>
                <Property Name="colorimg" Type="Edm.String" MaxLength="15" sap:label="Color" sap:filterable="false"/>
                <Property Name="autor" Type="Edm.String" MaxLength="20" sap:label="Autor"/>
                <Property Name="name1" Type="Edm.String" MaxLength="35" sap:label="Nombre"/>
                <Property Name="soloactivas" Type="Edm.String" MaxLength="1" sap:label="Se muestra"/>
                <NavigationProperty Name="ToCliente" Relationship="ZSV_NOTIFIC_SRV.AS_NotificacionCliente" FromRole="ToRole_AS_NotificacionCliente" ToRole="FromRole_AS_NotificacionCliente" sap:label="ToCliente"/>
            </EntityType>
            <EntityType Name="VH_Cliente" sap:content-version="1">
                <Key>
                    <PropertyRef Name="kunnr"/>
                </Key>
                <Property Name="kunnr" Type="Edm.String" Nullable="false" MaxLength="10" sap:label="Cliente" sap:creatable="false" sap:updatable="false"/>
                <Property Name="name1" Type="Edm.String" MaxLength="35" sap:label="Nombre" sap:creatable="false" sap:updatable="false"/>
                <Property Name="brsch" Type="Edm.String" MaxLength="4" sap:label="Ramo" sap:creatable="false" sap:updatable="false"/>
            </EntityType>
            <EntityType Name="VH_Tipo" sap:content-version="1">
                <Key>
                    <PropertyRef Name="tipo"/>
                </Key>
                <Property Name="tipo" Type="Edm.String" Nullable="false" MaxLength="1" sap:label="Tipo" sap:creatable="false" sap:updatable="false" sap:filterable="false"/>
                <Property Name="descripcion" Type="Edm.String" Nullable="false" MaxLength="20" sap:label="Descripcion" sap:creatable="false" sap:updatable="false" sap:filterable="false"/>
            </EntityType>
            <EntityType Name="VH_Prioridad" sap:content-version="1">
                <Key>
                    <PropertyRef Name="prioridad"/>
                </Key>
                <Property Name="prioridad" Type="Edm.String" Nullable="false" MaxLength="1" sap:label="Prioridad" sap:creatable="false" sap:updatable="false" sap:filterable="false"/>
                <Property Name="descripcion" Type="Edm.String" Nullable="false" MaxLength="20" sap:label="Descripcion" sap:creatable="false" sap:updatable="false" sap:filterable="false"/>
            </EntityType>
            <EntityType Name="VH_Ramo" sap:content-version="1">
                <Key>
                    <PropertyRef Name="brsch"/>
                </Key>
                <Property Name="brsch" Type="Edm.String" Nullable="false" MaxLength="4" sap:label="Ramo" sap:creatable="false" sap:updatable="false"/>
                <Property Name="brtxt" Type="Edm.String" MaxLength="20" sap:label="Descripcion" sap:creatable="false" sap:updatable="false"/>
            </EntityType>
            <Association Name="AS_NotificacionCliente" sap:content-version="1">
                <End Type="ZSV_NOTIFIC_SRV.VH_Cliente" Multiplicity="1" Role="FromRole_AS_NotificacionCliente"/>
                <End Type="ZSV_NOTIFIC_SRV.Notificacion" Multiplicity="*" Role="ToRole_AS_NotificacionCliente"/>
                <ReferentialConstraint>
                    <Principal Role="FromRole_AS_NotificacionCliente">
                        <PropertyRef Name="kunnr"/>
                    </Principal>
                    <Dependent Role="ToRole_AS_NotificacionCliente">
                        <PropertyRef Name="kunnr"/>
                    </Dependent>
                </ReferentialConstraint>
            </Association>
            <EntityContainer Name="ZSV_NOTIFIC_SRV_Entities" m:IsDefaultEntityContainer="true" sap:supported-formats="atom json">
                <EntitySet Name="NotificacionSet" EntityType="ZSV_NOTIFIC_SRV.Notificacion" sap:creatable="false" sap:updatable="false" sap:deletable="false" sap:pageable="false" sap:addressable="false" sap:content-version="1"/>
                <EntitySet Name="VH_ClienteSet" EntityType="ZSV_NOTIFIC_SRV.VH_Cliente" sap:creatable="false" sap:updatable="false" sap:deletable="false" sap:pageable="false" sap:addressable="false" sap:content-version="1"/>
                <EntitySet Name="VH_TipoSet" EntityType="ZSV_NOTIFIC_SRV.VH_Tipo" sap:creatable="false" sap:updatable="false" sap:deletable="false" sap:pageable="false" sap:addressable="false" sap:content-version="1"/>
                <EntitySet Name="VH_PrioridadSet" EntityType="ZSV_NOTIFIC_SRV.VH_Prioridad" sap:creatable="false" sap:updatable="false" sap:deletable="false" sap:pageable="false" sap:addressable="false" sap:content-version="1"/>
                <EntitySet Name="VH_RamoSet" EntityType="ZSV_NOTIFIC_SRV.VH_Ramo" sap:creatable="false" sap:updatable="false" sap:deletable="false" sap:pageable="false" sap:addressable="false" sap:content-version="1"/>
                <AssociationSet Name="AS_NotificacionCliente_AssocSet" Association="ZSV_NOTIFIC_SRV.AS_NotificacionCliente" sap:creatable="false" sap:updatable="false" sap:deletable="false" sap:content-version="1">
                    <End EntitySet="VH_ClienteSet" Role="FromRole_AS_NotificacionCliente"/>
                    <End EntitySet="NotificacionSet" Role="ToRole_AS_NotificacionCliente"/>
                </AssociationSet>
            </EntityContainer>
            <atom:link rel="self" href="http://d02profer:8001/sap/opu/odata/sap/ZSV_NOTIFIC_SRV/$metadata" xmlns:atom="http://www.w3.org/2005/Atom"/>
            <atom:link rel="latest-version" href="http://d02profer:8001/sap/opu/odata/sap/ZSV_NOTIFIC_SRV/$metadata" xmlns:atom="http://www.w3.org/2005/Atom"/>
        </Schema>
    </edmx:DataServices>
</edmx:Edmx>