<?xml version="1.0" encoding="utf-8"?>
<edmx:Edmx Version="1.0" xmlns:edmx="http://schemas.microsoft.com/ado/2007/06/edmx" xmlns:m="http://schemas.microsoft.com/ado/2007/08/dataservices/metadata" xmlns:sap="http://www.sap.com/Protocols/SAPData">
    <edmx:DataServices m:DataServiceVersion="2.0">
        <Schema Namespace="ZSV_PEND_DE_LIQUIDAR_SRV" xml:lang="es" sap:schema-version="1" xmlns="http://schemas.microsoft.com/ado/2008/09/edm">
            <EntityType Name="Resumen" sap:content-version="1">
                <Key>
                    <PropertyRef Name="material"/>
                </Key>
                <Property Name="material" Type="Edm.String" Nullable="false" MaxLength="18" sap:label="Material" sap:creatable="false" sap:updatable="false"/>
                <Property Name="producto" Type="Edm.String" Nullable="false" MaxLength="40" sap:label="Producto" sap:creatable="false" sap:updatable="false"/>
                <Property Name="precio" Type="Edm.Decimal" Nullable="false" Precision="19" Scale="2" sap:label="Precio" sap:creatable="false" sap:updatable="false"/>
                <Property Name="tnpend" Type="Edm.Decimal" Nullable="false" Precision="13" Scale="2" sap:label="Pendiente(TN)" sap:creatable="false" sap:updatable="false"/>
                <Property Name="acnegocio" Type="Edm.String" Nullable="false" MaxLength="10" sap:label="Ac.Negocio" sap:creatable="false" sap:updatable="false"/>
                <Property Name="kunnr" Type="Edm.String" Nullable="false" MaxLength="10" sap:label="Cliente" sap:creatable="false" sap:updatable="false"/>
                <Property Name="bzirk" Type="Edm.String" Nullable="false" MaxLength="6" sap:label="Zona" sap:creatable="false" sap:updatable="false"/>
            </EntityType>
            <EntityType Name="Detalle" sap:content-version="1">
                <Key>
                    <PropertyRef Name="acnegocio"/>
                    <PropertyRef Name="acposicion"/>
                    <PropertyRef Name="plentrega"/>
                    <PropertyRef Name="plposicion"/>
                    <PropertyRef Name="material"/>
                </Key>
                <Property Name="acnegocio" Type="Edm.String" Nullable="false" MaxLength="10" sap:label="Ac.Negocio" sap:creatable="false" sap:updatable="false"/>
                <Property Name="acposicion" Type="Edm.String" Nullable="false" MaxLength="6" sap:label="Ac.Posicion" sap:creatable="false" sap:updatable="false" sap:sortable="false" sap:filterable="false"/>
                <Property Name="plentrega" Type="Edm.String" Nullable="false" MaxLength="10" sap:label="Pl.Entrega" sap:creatable="false" sap:updatable="false"/>
                <Property Name="plposicion" Type="Edm.String" Nullable="false" MaxLength="6" sap:label="Pl.Posicion" sap:creatable="false" sap:updatable="false" sap:sortable="false" sap:filterable="false"/>
                <Property Name="material" Type="Edm.String" Nullable="false" MaxLength="18" sap:label="Material" sap:creatable="false" sap:updatable="false"/>
                <Property Name="fecha" Type="Edm.DateTime" Precision="0" sap:label="Fecha" sap:creatable="false" sap:updatable="false"/>
                <Property Name="producto" Type="Edm.String" MaxLength="40" sap:label="Producto" sap:creatable="false" sap:updatable="false"/>
                <Property Name="enentrega" Type="Edm.String" MaxLength="10" sap:label="En.Entrega" sap:creatable="false" sap:updatable="false"/>
                <Property Name="enposicion" Type="Edm.String" MaxLength="6" sap:label="En.Posicion" sap:creatable="false" sap:updatable="false" sap:sortable="false" sap:filterable="false"/>
                <Property Name="lfart" Type="Edm.String" MaxLength="4" sap:label="Cl.Entrega" sap:creatable="false" sap:updatable="false"/>
                <Property Name="remito" Type="Edm.String" MaxLength="25" sap:label="Remito" sap:creatable="false" sap:updatable="false"/>
                <Property Name="vencpago" Type="Edm.DateTime" Precision="0" sap:label="Venc.Pago" sap:creatable="false" sap:updatable="false"/>
                <Property Name="precio" Type="Edm.Decimal" Precision="19" Scale="2" sap:label="Precio" sap:creatable="false" sap:updatable="false"/>
                <Property Name="tnpend" Type="Edm.Decimal" Precision="13" Scale="2" sap:label="Pendiente(TN)
                " sap:creatable="false" sap:updatable="false"/>
                <Property Name="diasantiguedad" Type="Edm.Decimal" Precision="9" Scale="0" sap:label="Antiguedad(Dias)" sap:creatable="false" sap:updatable="false"/>
                <Property Name="kunnr" Type="Edm.String" MaxLength="10" sap:label="Cliente" sap:creatable="false" sap:updatable="false"/>
                <Property Name="name1" Type="Edm.String" MaxLength="35" sap:label="Nombre" sap:creatable="false" sap:updatable="false"/>
                <Property Name="bzirk" Type="Edm.String" MaxLength="6" sap:label="Zona" sap:creatable="false" sap:updatable="false"/>
                <Property Name="bztxt" Type="Edm.String" MaxLength="20" sap:label="Desc.Zona" sap:creatable="false" sap:updatable="false"/>
                <Property Name="compos" Type="Edm.String" MaxLength="50" sap:label="Composicion" sap:creatable="false" sap:updatable="false"/>
                <Property Name="bsark" Type="Edm.String" MaxLength="4" sap:label="Tipo Ct." sap:creatable="false" sap:updatable="false"/>
                <Property Name="kondm" Type="Edm.String" MaxLength="2" sap:label="Presentacion" sap:creatable="false" sap:updatable="false"/>
            </EntityType>
            <EntityType Name="Auxiliar" sap:content-version="1">
                <Key>
                    <PropertyRef Name="acnegocio"/>
                    <PropertyRef Name="acposicion"/>
                    <PropertyRef Name="plentrega"/>
                    <PropertyRef Name="plposicion"/>
                    <PropertyRef Name="material"/>
                </Key>
                <Property Name="acnegocio" Type="Edm.String" Nullable="false" MaxLength="10" sap:label="Ac.Negocio" sap:creatable="false" sap:updatable="false"/>
                <Property Name="acposicion" Type="Edm.String" Nullable="false" MaxLength="6" sap:label="Ac.Posicion" sap:creatable="false" sap:updatable="false" sap:sortable="false" sap:filterable="false"/>
                <Property Name="plentrega" Type="Edm.String" Nullable="false" MaxLength="10" sap:label="Pl.Entrega" sap:creatable="false" sap:updatable="false"/>
                <Property Name="plposicion" Type="Edm.String" Nullable="false" MaxLength="6" sap:label="Pl.Posicion" sap:creatable="false" sap:updatable="false" sap:sortable="false" sap:filterable="false"/>
                <Property Name="material" Type="Edm.String" Nullable="false" MaxLength="18" sap:label="Material" sap:creatable="false" sap:updatable="false"/>
                <Property Name="fecha" Type="Edm.DateTime" Precision="0" sap:label="Fecha" sap:creatable="false" sap:updatable="false"/>
                <Property Name="producto" Type="Edm.String" MaxLength="40" sap:label="Producto" sap:creatable="false" sap:updatable="false"/>
                <Property Name="enentrega" Type="Edm.String" MaxLength="10" sap:label="En.Entrega" sap:creatable="false" sap:updatable="false"/>
                <Property Name="enposicion" Type="Edm.String" MaxLength="6" sap:label="En.Posicion" sap:creatable="false" sap:updatable="false" sap:sortable="false" sap:filterable="false"/>
                <Property Name="lfart" Type="Edm.String" MaxLength="4" sap:label="Cl.Entrega" sap:creatable="false" sap:updatable="false"/>
                <Property Name="remito" Type="Edm.String" MaxLength="25" sap:label="Remito" sap:creatable="false" sap:updatable="false" sap:filterable="false"/>
                <Property Name="vencpago" Type="Edm.DateTime" Precision="0" sap:label="Venc.Pago" sap:creatable="false" sap:updatable="false"/>
                <Property Name="precio" Type="Edm.Decimal" Precision="19" Scale="2" sap:label="Precio" sap:creatable="false" sap:updatable="false" sap:filterable="false"/>
                <Property Name="tnpend" Type="Edm.Decimal" Precision="13" Scale="2" sap:label="Pendiente(TN)" sap:creatable="false" sap:updatable="false"/>
                <Property Name="diasantiguedad" Type="Edm.Decimal" Precision="9" Scale="0" sap:label="Antiguedad(dias)" sap:creatable="false" sap:updatable="false"/>
                <Property Name="kunnr" Type="Edm.String" MaxLength="10" sap:label="Cliente" sap:creatable="false" sap:updatable="false"/>
                <Property Name="name1" Type="Edm.String" MaxLength="35" sap:label="Nombre" sap:creatable="false" sap:updatable="false"/>
                <Property Name="bzirk" Type="Edm.String" MaxLength="6" sap:label="Zona" sap:creatable="false" sap:updatable="false"/>
                <Property Name="bztxt" Type="Edm.String" MaxLength="20" sap:label="Desc.Zona" sap:creatable="false" sap:updatable="false"/>
                <Property Name="compos" Type="Edm.String" MaxLength="50" sap:label="Composicion" sap:creatable="false" sap:updatable="false"/>
                <Property Name="bsark" Type="Edm.String" MaxLength="4" sap:label="Tipo Ct." sap:creatable="false" sap:updatable="false"/>
                <Property Name="kondm" Type="Edm.String" MaxLength="2" sap:label="Presentacion" sap:creatable="false" sap:updatable="false"/>
            </EntityType>
            <EntityType Name="Zonas" sap:content-version="1">
                <Key>
                    <PropertyRef Name="bzirk"/>
                </Key>
                <Property Name="bzirk" Type="Edm.String" Nullable="false" MaxLength="6" sap:label="Zona" sap:creatable="false" sap:updatable="false"/>
                <Property Name="bztxt" Type="Edm.String" Nullable="false" MaxLength="20" sap:label="Descr.Zona" sap:creatable="false" sap:updatable="false"/>
            </EntityType>
            <EntityContainer Name="ZSV_PEND_DE_LIQUIDAR_SRV_Entities" m:IsDefaultEntityContainer="true" sap:supported-formats="atom json">
                <EntitySet Name="ResumenSet" EntityType="ZSV_PEND_DE_LIQUIDAR_SRV.Resumen" sap:creatable="false" sap:updatable="false" sap:deletable="false" sap:pageable="false" sap:addressable="false" sap:content-version="1"/>
                <EntitySet Name="DetalleSet" EntityType="ZSV_PEND_DE_LIQUIDAR_SRV.Detalle" sap:creatable="false" sap:updatable="false" sap:deletable="false" sap:pageable="false" sap:addressable="false" sap:content-version="1"/>
                <EntitySet Name="AuxiliarSet" EntityType="ZSV_PEND_DE_LIQUIDAR_SRV.Auxiliar" sap:creatable="false" sap:updatable="false" sap:deletable="false" sap:pageable="false" sap:addressable="false" sap:content-version="1"/>
                <EntitySet Name="ZonasSet" EntityType="ZSV_PEND_DE_LIQUIDAR_SRV.Zonas" sap:creatable="false" sap:updatable="false" sap:deletable="false" sap:pageable="false" sap:addressable="false" sap:content-version="1"/>
            </EntityContainer>
            <atom:link rel="self" href="http://profertil.dev:80/sap/opu/odata/sap/ZSV_PEND_DE_LIQUIDAR_SRV/$metadata" xmlns:atom="http://www.w3.org/2005/Atom"/>
            <atom:link rel="latest-version" href="http://profertil.dev:80/sap/opu/odata/sap/ZSV_PEND_DE_LIQUIDAR_SRV/$metadata" xmlns:atom="http://www.w3.org/2005/Atom"/>
        </Schema>
    </edmx:DataServices>
</edmx:Edmx>