{
  "Component-dbg.js": 1638549587911,
  "manifest.json": 1674673383933,
  "model/models.js": 1671460856799,
  "model/formatter.js": 1669403208907,
  "controller/Principal.controller.js": 1671642195926,
  "controller/Detalle.controller.js": 1669403927783,
  "controller/Creacion.controller.js": 1669409832083,
  "controller/BaseController.js": 1645460192759,
  "controller/App.controller.js": 1638548546330,
  "Component.js": 1638549587911,
  "Component-preload.js": 1674673384517,
  "i18n/i18n.properties": 1674672396783,
  "model/formatter-dbg.js": 1669403208907,
  "controller/Principal-dbg.controller.js": 1671642195926,
  "controller/Detalle-dbg.controller.js": 1669403927783,
  "controller/Creacion-dbg.controller.js": 1669409832083,
  "controller/BaseController-dbg.js": 1645460192759,
  "controller/App-dbg.controller.js": 1638548546330,
  "model/models-dbg.js": 1671460856799,
  "view/fragments/InformeTecnico.fragment.xml": 1674673152008,
  "view/fragments/DialogoVisualizacionWorkflow.fragment.xml": 1669412005691,
  "view/fragments/DescomposicionGasto.fragment.xml": 1674672087500,
  "view/fragments/DatosGenerales.fragment.xml": 1669403456665,
  "view/fragments/DatosComplementarios.fragment.xml": 1669228206107,
  "view/fragments/Adjuntos.fragment.xml": 1645451723831,
  "view/Principal.view.xml": 1671641822629,
  "view/Detalle.view.xml": 1639138719574,
  "view/Creacion.view.xml": 1668783645599,
  "view/App.view.xml": 1654899814169,
  "css/style.css": 1634701766000,
  "index.html": 1638549339262
}