{
  "welcomeFile": "/flpSandbox.html",
  "routes": [
    {
      "authenticationType": "none",
      "csrfProtection": false,
      "source": "^/sap/opu/odata/sap/ZSV_CTA_CORRIENTE_SRV/",
      "destination": "BACKEND_SAP"
    },
    {
      "authenticationType": "none",
      "csrfProtection": false,
      "source": "^/sap/opu/odata/sap/ZSV_RELATED_DOCS_SRV/",
      "destination": "BACKEND_SAP"
    },
    {
      "authenticationType": "none",
      "csrfProtection": false,
      "source": "^/sap/opu/odata/sap/ZSV_MERCADERIA_SRV/",
      "destination": "BACKEND_SAP"
    },
    {
      "source": "^(.*)",
      "target": "$1",
      "authenticationType": "xsuaa",
      "service": "html5-apps-repo-rt"
    }
  ]
}
