<?xml version="1.0" encoding="utf-8"?>
<edmx:Edmx Version="1.0" xmlns:edmx="http://schemas.microsoft.com/ado/2007/06/edmx" xmlns:m="http://schemas.microsoft.com/ado/2007/08/dataservices/metadata" xmlns:sap="http://www.sap.com/Protocols/SAPData">
    <edmx:DataServices m:DataServiceVersion="2.0">
        <Schema Namespace="ZSV_PAGOS_SRV" xml:lang="es" sap:schema-version="1" xmlns="http://schemas.microsoft.com/ado/2008/09/edm">
            <EntityType Name="Clientes" sap:content-version="1">
                <Key>
                    <PropertyRef Name="NroCliente"/>
                </Key>
                <Property Name="NroCliente" Type="Edm.String" Nullable="false" MaxLength="10" sap:label="Cliente" sap:creatable="false" sap:updatable="false" sap:sortable="false" sap:filterable="false"/>
                <Property Name="Nombre" Type="Edm.String" Nullable="false" MaxLength="35" sap:label="Nombre" sap:creatable="false" sap:updatable="false" sap:sortable="false" sap:filterable="false"/>
                <Property Name="Cuit" Type="Edm.String" Nullable="false" MaxLength="16" sap:label="Cuit" sap:creatable="false" sap:updatable="false" sap:sortable="false" sap:filterable="false"/>
            </EntityType>
            <EntityType Name="Legajo" sap:content-version="1">
                <Key>
                    <PropertyRef Name="Id"/>
                </Key>
                <Property Name="Id" Type="Edm.String" Nullable="false" MaxLength="20" sap:label="ID" sap:creatable="false" sap:updatable="false" sap:sortable="false" sap:filterable="false"/>
                <Property Name="Impuesto" Type="Edm.String" Nullable="false" MaxLength="50" sap:label="Impuestos" sap:creatable="false" sap:updatable="false"/>
                <Property Name="Jurisdiccion" Type="Edm.String" Nullable="false" MaxLength="50" sap:label="Jurisdiccion" sap:creatable="false" sap:updatable="false"/>
                <Property Name="Mexclusion" Type="Edm.String" Nullable="false" MaxLength="100" sap:label="Metodo de Exclusion" sap:creatable="false" sap:updatable="false"/>
                <Property Name="Norma" Type="Edm.String" Nullable="false" MaxLength="100" sap:label="Norma Legal" sap:creatable="false" sap:updatable="false"/>
                <Property Name="FechaDesde" Type="Edm.DateTime" Nullable="false" Precision="7" sap:label="Fecha Desde" sap:creatable="false" sap:updatable="false"/>
                <Property Name="FechaHasta" Type="Edm.DateTime" Nullable="false" Precision="7" sap:label="Fecha Hasta" sap:creatable="false" sap:updatable="false"/>
                <Property Name="Path" Type="Edm.String" Nullable="false" MaxLength="200" sap:label="Texto (200 c.)" sap:creatable="false" sap:updatable="false" sap:sortable="false" sap:filterable="false"/>
                <Property Name="FileName" Type="Edm.String" Nullable="false" MaxLength="100" sap:label="Nombre de Archivo" sap:creatable="false" sap:updatable="false" sap:sortable="false" sap:filterable="false"/>
            </EntityType>
            <EntityType Name="Informe" sap:content-version="1">
                <Key>
                    <PropertyRef Name="Id"/>
                </Key>
                <Property Name="Corredor" Type="Edm.String" MaxLength="20" sap:label="Corredor" sap:creatable="false" sap:updatable="false" sap:sortable="false" sap:filterable="false"/>
                <Property Name="Credat" Type="Edm.DateTime" Precision="7" sap:label="Creado el" sap:creatable="false" sap:updatable="false" sap:sortable="false" sap:filterable="false"/>
                <Property Name="Id" Type="Edm.String" Nullable="false" MaxLength="10" sap:label="N° de informe de pago no acreditado" sap:creatable="false" sap:updatable="false" sap:sortable="false" sap:filterable="false"/>
                <Property Name="Contacto" Type="Edm.String" MaxLength="100" sap:label="Contacto" sap:creatable="false" sap:updatable="false" sap:sortable="false" sap:filterable="false"/>
                <Property Name="Resolucion" Type="Edm.String" MaxLength="300" sap:label="Resolucion" sap:creatable="false" sap:updatable="false" sap:sortable="false" sap:filterable="false"/>
                <Property Name="Nrocliente" Type="Edm.String" Nullable="false" MaxLength="10" sap:label="N° deudor" sap:creatable="false" sap:updatable="false" sap:sortable="false"/>
                <Property Name="Nombrecliente" Type="Edm.String" Nullable="false" MaxLength="30" sap:label="Nombre" sap:creatable="false" sap:updatable="false" sap:sortable="false"/>
                <Property Name="Tipopago" Type="Edm.String" Nullable="false" MaxLength="20" sap:label="Tipo de pago" sap:creatable="false" sap:updatable="false" sap:sortable="false"/>
                <Property Name="Cuentadestino" Type="Edm.String" MaxLength="20" sap:label="Cuenta destino" sap:creatable="false" sap:updatable="false" sap:sortable="false"/>
                <Property Name="Tipodeposito" Type="Edm.String" MaxLength="20" sap:label="Tipo de depósito" sap:creatable="false" sap:updatable="false" sap:sortable="false"/>
                <Property Name="Clase" Type="Edm.String" MaxLength="20" sap:label="Clase" sap:creatable="false" sap:updatable="false" sap:sortable="false"/>
                <Property Name="Bancoemisor" Type="Edm.String" MaxLength="20" sap:label="Banco emisor" sap:creatable="false" sap:updatable="false" sap:sortable="false"/>
                <Property Name="Tiporetencion" Type="Edm.String" MaxLength="20" sap:label="Tipo de retencion" sap:creatable="false" sap:updatable="false" sap:sortable="false"/>
                <Property Name="Jurisdiccion" Type="Edm.String" MaxLength="20" sap:label="Jurisdicción" sap:creatable="false" sap:updatable="false" sap:sortable="false"/>
                <Property Name="Nrofactura" Type="Edm.String" MaxLength="50" sap:label="N° de factura" sap:creatable="false" sap:updatable="false" sap:sortable="false"/>
                <Property Name="Fecha" Type="Edm.DateTime" Precision="7" sap:label="Fecha" sap:creatable="false" sap:updatable="false" sap:sortable="false"/>
                <Property Name="Importe" Type="Edm.Decimal" Nullable="false" Precision="12" Scale="3" sap:label="Importe" sap:creatable="false" sap:updatable="false" sap:sortable="false"/>
                <Property Name="Descripcion" Type="Edm.String" Nullable="false" MaxLength="200" sap:label="Descripción de asunto" sap:creatable="false" sap:updatable="false" sap:sortable="false"/>
                <Property Name="Comprobante" Type="Edm.String" Nullable="false" MaxLength="100" sap:label="Comprobante" sap:creatable="false" sap:updatable="false" sap:sortable="false"/>
                <Property Name="Tipocupon" Type="Edm.String" MaxLength="20" sap:label="Tipo de cupon" sap:creatable="false" sap:updatable="false" sap:sortable="false"/>
                <Property Name="Estado" Type="Edm.String" MaxLength="10" sap:label="Estado de reclamo" sap:creatable="false" sap:updatable="false"/>
                <Property Name="Zona" Type="Edm.String" Nullable="false" MaxLength="6" sap:label="Zona" sap:creatable="false" sap:updatable="false" sap:sortable="false"/>
                <Property Name="Descestado" Type="Edm.String" MaxLength="20" sap:label="Estado" sap:creatable="false" sap:updatable="false"/>
            </EntityType>
            <EntityType Name="Impuesto" sap:content-version="1">
                <Key>
                    <PropertyRef Name="Key"/>
                </Key>
                <Property Name="Key" Type="Edm.String" Nullable="false" MaxLength="5" sap:label="Key" sap:creatable="false" sap:updatable="false" sap:sortable="false"/>
                <Property Name="Value" Type="Edm.String" Nullable="false" sap:label="Value" sap:creatable="false" sap:updatable="false" sap:sortable="false" sap:filterable="false"/>
            </EntityType>
            <EntityType Name="Jurisdiccion" sap:content-version="1">
                <Key>
                    <PropertyRef Name="Key"/>
                </Key>
                <Property Name="Key" Type="Edm.String" Nullable="false" MaxLength="5" sap:label="Key" sap:creatable="false" sap:updatable="false" sap:sortable="false"/>
                <Property Name="Value" Type="Edm.String" Nullable="false" sap:label="Value" sap:creatable="false" sap:updatable="false" sap:sortable="false" sap:filterable="false"/>
            </EntityType>
            <EntityType Name="InformexCliente" sap:content-version="1">
                <Key>
                    <PropertyRef Name="Id"/>
                </Key>
                <Property Name="Corredor" Type="Edm.String" MaxLength="20" sap:label="Corredor" sap:creatable="false" sap:updatable="false" sap:sortable="false" sap:filterable="false"/>
                <Property Name="Credat" Type="Edm.DateTime" Precision="7" sap:label="Creado el" sap:creatable="false" sap:updatable="false" sap:filterable="false"/>
                <Property Name="Contacto" Type="Edm.String" MaxLength="100" sap:label="Contacto" sap:creatable="false" sap:updatable="false" sap:sortable="false" sap:filterable="false"/>
                <Property Name="Id" Type="Edm.String" Nullable="false" MaxLength="10" sap:label="N° de informe de pago no acreditado" sap:creatable="false" sap:updatable="false"/>
                <Property Name="Resolucion" Type="Edm.String" MaxLength="300" sap:label="Resolucion" sap:creatable="false" sap:updatable="false" sap:sortable="false" sap:filterable="false"/>
                <Property Name="Nrocliente" Type="Edm.String" MaxLength="10" sap:label="N° deudor" sap:creatable="false" sap:updatable="false" sap:sortable="false"/>
                <Property Name="Nombrecliente" Type="Edm.String" MaxLength="30" sap:label="Nombre" sap:creatable="false" sap:updatable="false" sap:sortable="false"/>
                <Property Name="Tipopago" Type="Edm.String" MaxLength="20" sap:label="Tipo de pago" sap:creatable="false" sap:updatable="false"/>
                <Property Name="Cuentadestino" Type="Edm.String" MaxLength="20" sap:label="Cuenta destino" sap:creatable="false" sap:updatable="false" sap:sortable="false" sap:filterable="false"/>
                <Property Name="Tipodeposito" Type="Edm.String" MaxLength="20" sap:label="Tipo de depósito" sap:creatable="false" sap:updatable="false" sap:sortable="false" sap:filterable="false"/>
                <Property Name="Clase" Type="Edm.String" MaxLength="20" sap:label="Clase" sap:creatable="false" sap:updatable="false" sap:sortable="false" sap:filterable="false"/>
                <Property Name="Bancoemisor" Type="Edm.String" MaxLength="20" sap:label="Banco emisor" sap:creatable="false" sap:updatable="false" sap:sortable="false" sap:filterable="false"/>
                <Property Name="Tiporetencion" Type="Edm.String" MaxLength="20" sap:label="Tipo de retencion" sap:creatable="false" sap:updatable="false" sap:sortable="false" sap:filterable="false"/>
                <Property Name="Jurisdiccion" Type="Edm.String" MaxLength="20" sap:label="Jurisdicción" sap:creatable="false" sap:updatable="false" sap:sortable="false" sap:filterable="false"/>
                <Property Name="Nrofactura" Type="Edm.String" MaxLength="50" sap:label="N° de factura" sap:creatable="false" sap:updatable="false" sap:sortable="false" sap:filterable="false"/>
                <Property Name="Fecha" Type="Edm.DateTime" Precision="7" sap:label="Fecha" sap:creatable="false" sap:updatable="false" sap:sortable="false"/>
                <Property Name="Importe" Type="Edm.Decimal" Precision="12" Scale="3" sap:label="Importe" sap:creatable="false" sap:updatable="false"/>
                <Property Name="Descripcion" Type="Edm.String" MaxLength="200" sap:label="Descripción de asunto" sap:creatable="false" sap:updatable="false" sap:sortable="false" sap:filterable="false"/>
                <Property Name="Comprobante" Type="Edm.String" MaxLength="100" sap:label="Comprobante" sap:creatable="false" sap:updatable="false" sap:sortable="false" sap:filterable="false"/>
                <Property Name="Tipocupon" Type="Edm.String" MaxLength="20" sap:label="Tipo de cupon" sap:creatable="false" sap:updatable="false" sap:sortable="false" sap:filterable="false"/>
                <Property Name="Estado" Type="Edm.String" MaxLength="10" sap:label="Estado de reclamo" sap:creatable="false" sap:updatable="false"/>
                <Property Name="Zona" Type="Edm.String" MaxLength="20" sap:creatable="false" sap:updatable="false" sap:sortable="false" sap:filterable="false"/>
                <Property Name="Descestado" Type="Edm.String" MaxLength="20" sap:creatable="false" sap:updatable="false" sap:sortable="false"/>
            </EntityType>
            <EntityType Name="Estados" sap:content-version="1">
                <Key>
                    <PropertyRef Name="Key"/>
                </Key>
                <Property Name="Key" Type="Edm.String" Nullable="false" sap:creatable="false" sap:updatable="false" sap:sortable="false" sap:filterable="false"/>
                <Property Name="Value" Type="Edm.String" Nullable="false" sap:creatable="false" sap:updatable="false" sap:sortable="false" sap:filterable="false"/>
            </EntityType>
            <EntityType Name="Zonas" sap:content-version="1">
                <Key>
                    <PropertyRef Name="Key"/>
                </Key>
                <Property Name="Key" Type="Edm.String" Nullable="false" sap:creatable="false" sap:updatable="false" sap:sortable="false"/>
                <Property Name="Value" Type="Edm.String" Nullable="false" sap:creatable="false" sap:updatable="false" sap:sortable="false"/>
            </EntityType>
            <EntityType Name="Usuarios" sap:content-version="1">
                <Key>
                    <PropertyRef Name="Cliente"/>
                </Key>
                <Property Name="Cliente" Type="Edm.String" Nullable="false" sap:creatable="false" sap:updatable="false" sap:sortable="false"/>
                <Property Name="ClienteTexto" Type="Edm.String" Nullable="false" sap:creatable="false" sap:updatable="false" sap:sortable="false" sap:filterable="false"/>
            </EntityType>
            <EntityContainer Name="ZSV_PAGOS_SRV_Entities" m:IsDefaultEntityContainer="true" sap:supported-formats="atom json">
                <EntitySet Name="ClientesSet" EntityType="ZSV_PAGOS_SRV.Clientes" sap:creatable="false" sap:updatable="false" sap:deletable="false" sap:pageable="false" sap:addressable="false" sap:content-version="1"/>
                <EntitySet Name="LegajoSet" EntityType="ZSV_PAGOS_SRV.Legajo" sap:creatable="false" sap:updatable="false" sap:deletable="false" sap:pageable="false" sap:content-version="1"/>
                <EntitySet Name="InformeSet" EntityType="ZSV_PAGOS_SRV.Informe" sap:creatable="false" sap:updatable="false" sap:deletable="false" sap:pageable="false" sap:content-version="1"/>
                <EntitySet Name="ImpuestoSet" EntityType="ZSV_PAGOS_SRV.Impuesto" sap:creatable="false" sap:updatable="false" sap:deletable="false" sap:pageable="false" sap:addressable="false" sap:content-version="1"/>
                <EntitySet Name="JurisdiccionSet" EntityType="ZSV_PAGOS_SRV.Jurisdiccion" sap:creatable="false" sap:updatable="false" sap:deletable="false" sap:pageable="false" sap:addressable="false" sap:content-version="1"/>
                <EntitySet Name="InformexClienteSet" EntityType="ZSV_PAGOS_SRV.InformexCliente" sap:creatable="false" sap:updatable="false" sap:deletable="false" sap:pageable="false" sap:addressable="false" sap:content-version="1"/>
                <EntitySet Name="EstadosSet" EntityType="ZSV_PAGOS_SRV.Estados" sap:creatable="false" sap:updatable="false" sap:deletable="false" sap:pageable="false" sap:addressable="false" sap:content-version="1"/>
                <EntitySet Name="ZonasSet" EntityType="ZSV_PAGOS_SRV.Zonas" sap:creatable="false" sap:updatable="false" sap:deletable="false" sap:pageable="false" sap:addressable="false" sap:content-version="1"/>
                <EntitySet Name="UsuariosSet" EntityType="ZSV_PAGOS_SRV.Usuarios" sap:creatable="false" sap:updatable="false" sap:deletable="false" sap:pageable="false" sap:addressable="false" sap:content-version="1"/>
            </EntityContainer>
            <Annotations Target="ZSV_PAGOS_SRV.Informe/Nrocliente" xmlns="http://docs.oasis-open.org/odata/ns/edm">
                <Annotation Term="com.sap.vocabularies.Common.v1.ValueList">
                    <Record Type="com.sap.vocabularies.Common.v1.ValueListType">
                        <PropertyValue Property="CollectionPath" String="UsuariosSet"/>
                        <PropertyValue Property="SearchSupported" Bool="true"/>
                        <PropertyValue Property="Parameters">
                            <Collection>
                                <Record Type="com.sap.vocabularies.Common.v1.ValueListParameterOut">
                                    <PropertyValue Property="LocalDataProperty" PropertyPath="Nrocliente"/>
                                    <PropertyValue Property="ValueListProperty" String="Cliente"/>
                                </Record>
                                <Record Type="com.sap.vocabularies.Common.v1.ValueListParameterDisplayOnly">
                                    <PropertyValue Property="ValueListProperty" String="ClienteTexto"/>
                                </Record>
                            </Collection>
                        </PropertyValue>
                    </Record>
                </Annotation>
            </Annotations>
            <atom:link rel="self" href="http://proferdev:8001/sap/opu/odata/sap/ZSV_PAGOS_SRV/$metadata" xmlns:atom="http://www.w3.org/2005/Atom"/>
            <atom:link rel="latest-version" href="http://proferdev:8001/sap/opu/odata/sap/ZSV_PAGOS_SRV/$metadata" xmlns:atom="http://www.w3.org/2005/Atom"/>
        </Schema>
    </edmx:DataServices>
</edmx:Edmx>