<core:FragmentDefinition
	xmlns:core="sap.ui.core"
	xmlns:mvc="sap.ui.core.mvc"
	xmlns="sap.m">
	<Table id="idEstadoTable"
		inset="false">
		<columns>
			<Column
				width="auto">
				<Text text="{i18n>descripcion}"/>
			</Column>
			<Column
				width="auto"
				demandPopin="true"
				hAlign="End">
				<Text text="{i18n>montos}"/>
			</Column>
		</columns>
		<items>
			<ColumnListItem>
				<cells>
					<Text text="{i18n>saldoComp}"/>
				</cells>
				<cells>
					<Text
						text="{path: 'ModelEstadoGral>/ModelEstadoGral/ASaldoCc', type:'sap.ui.model.type.Float', formatOptions : { groupingEnabled: true, groupingSeparator: '.', decimalSeparator : ',', minFractionDigits: 0}}" class="montos"/>
				</cells>
			</ColumnListItem>
			<ColumnListItem>
				<cells>
					<Text text="{i18n>factVenc}"/>
				</cells>
				<cells>
					<Text
						text="{path: 'ModelEstadoGral>/ModelEstadoGral/FactVencidas', type:'sap.ui.model.type.Float', formatOptions : { groupingEnabled: true, groupingSeparator: '.', decimalSeparator : ',', minFractionDigits: 0}}" class="montos"/>
				</cells>
			</ColumnListItem>
			<ColumnListItem>
				<cells>
					<Text text="{i18n>facAntVda}"/>
				</cells>
				<cells>
					<Text
						text="{path: 'ModelEstadoGral>/ModelEstadoGral/FactAntVencidas', type:'sap.ui.model.type.Float', formatOptions : { groupingEnabled: true, groupingSeparator: '.', decimalSeparator : ',', minFractionDigits: 0}}" class="montos"/>
				</cells>
			</ColumnListItem>
			<ColumnListItem>
				<cells>
					<Text text="{i18n>pagos}"/>
				</cells>
				<cells>
					<Text
						text="{path: 'ModelEstadoGral>/ModelEstadoGral/Pagos', type:'sap.ui.model.type.Float', formatOptions : { groupingEnabled: true, groupingSeparator: '.', decimalSeparator : ',', minFractionDigits: 0}}" class="montos"/>
				</cells>
			</ColumnListItem>
			<ColumnListItem >
				<cells>
					<Text  text="{i18n>factVencer}"/>
				</cells>
				<cells>
					<Text
						text="{path: 'ModelEstadoGral>/ModelEstadoGral/FactAVencer', type:'sap.ui.model.type.Float', formatOptions : { groupingEnabled: true, groupingSeparator: '.', decimalSeparator : ',', minFractionDigits: 0}}" class="montos"/>
				</cells>
			</ColumnListItem>
			<ColumnListItem >
				<cells>
					<Text text="{i18n>factAntVen}"/>
				</cells>
				<cells>
					<Text
						text="{path: 'ModelEstadoGral>/ModelEstadoGral/FactAntAVencer', type:'sap.ui.model.type.Float', formatOptions : { groupingEnabled: true, groupingSeparator: '.', decimalSeparator : ',', minFractionDigits: 0}}" class="montos"/>
				</cells>
			</ColumnListItem>
		</items>
  </Table>
  	<Button type="Default"
            text="{i18n>detCtaCor}"
            press="onPressDetCta"
            ariaDescribedBy="acceptButtonDescription genericButtonDescription"/>
</core:FragmentDefinition>
