<core:FragmentDefinition
	xmlns="sap.m"
	xmlns:l="sap.ui.layout"
	xmlns:f="sap.ui.layout.form"
	xmlns:core="sap.ui.core"
  height="100%">
	<Table id="idEstadoLineaTable" inset="false">
		<columns>
			<Column
        width="35em"
				demandPopin="true">
				<Text text="{i18n>descripcion}"/>
			</Column>
			<Column
				minScreenWidth="Tablet"
				demandPopin="true"
        hAlign="End">
				<Text text="{i18n>montos}"/>
			</Column>
		</columns>
		<items>
			<ColumnListItem>
				<cells>
					<ObjectStatus text="{i18n>lineaCrAco}" active="true" state="Information" press="onPressLineaAcre"/>
				</cells>
				<cells>
					<Text
						text="{path: 'ModelEstadoGral>/ModelEstadoGral/LineaAcordada', type:'sap.ui.model.type.Float', formatOptions : { groupingEnabled: true, groupingSeparator: '.', decimalSeparator : ',', minFractionDigits: 0}}" class="montos" />
				</cells>
			</ColumnListItem>
			<ColumnListItem>
				<cells>
					<Text text="{i18n>lineaCrAfec}"/>
				</cells>
				<cells>
					<Text
						text="{ path: 'ModelEstadoGral>/ModelEstadoGral/LineaAfectada', type:'sap.ui.model.type.Float', formatOptions : { groupingEnabled: true, groupingSeparator: '.', decimalSeparator : ',', minFractionDigits: 0}}" class="montos"/>
				</cells>
			</ColumnListItem>
		</items>
	</Table>
</core:FragmentDefinition>
