<?xml version="1.0" encoding="utf-8"?>
<edmx:Edmx Version="1.0" xmlns:edmx="http://schemas.microsoft.com/ado/2007/06/edmx" xmlns:m="http://schemas.microsoft.com/ado/2007/08/dataservices/metadata" xmlns:sap="http://www.sap.com/Protocols/SAPData">
    <edmx:DataServices m:DataServiceVersion="2.0">
        <Schema Namespace="ZSV_CTES_POR_ZONA_SRV" xml:lang="es" sap:schema-version="1" xmlns="http://schemas.microsoft.com/ado/2008/09/edm">
            <EntityType Name="Clientes" sap:label="Clientes" sap:content-version="1">
                <Key>
                    <PropertyRef Name="Kunnr"/>
                </Key>
                <Property Name="Kunnr" Type="Edm.String" Nullable="false" MaxLength="10" sap:label="Cliente" sap:creatable="false" sap:updatable="false"/>
                <Property Name="Bzirk" Type="Edm.String" Nullable="false" MaxLength="6" sap:label="Zona" sap:creatable="false" sap:updatable="false" sap:sortable="false" sap:value-list="fixed-values"/>
                <Property Name="Name1" Type="Edm.String" Nullable="false" MaxLength="30" sap:label="Nombre" sap:creatable="false" sap:updatable="false"/>
            </EntityType>
            <EntityType Name="Zonas" sap:label="Zonas" sap:content-version="1">
                <Key>
                    <PropertyRef Name="Bzirk"/>
                </Key>
                <Property Name="Bzirk" Type="Edm.String" Nullable="false" MaxLength="6" sap:label="Zona" sap:creatable="false" sap:updatable="false" sap:sortable="false" sap:filterable="false"/>
                <Property Name="Bztxt" Type="Edm.String" Nullable="false" MaxLength="20" sap:label="Denominacion" sap:creatable="false" sap:updatable="false" sap:sortable="false" sap:filterable="false"/>
            </EntityType>
            <EntityType Name="Balances" sap:label="Balances" sap:content-version="1">
                <Key>
                    <PropertyRef Name="Kunnr"/>
                </Key>
                <Property Name="GETotal" Type="Edm.Decimal" Nullable="false" Precision="15" Scale="2" sap:label="Total Grano Entregado" sap:creatable="false" sap:updatable="false" sap:filterable="false"/>
                <Property Name="GEnf" Type="Edm.Decimal" Nullable="false" Precision="15" Scale="2" sap:label="Grano Entregado No Fijado" sap:creatable="false" sap:updatable="false" sap:filterable="false"/>
                <Property Name="GNETotal" Type="Edm.Decimal" Nullable="false" Precision="15" Scale="2" sap:label="Total Grano NO Entregado" sap:creatable="false" sap:updatable="false" sap:filterable="false"/>
                <Property Name="GNEliq" Type="Edm.Decimal" Nullable="false" Precision="15" Scale="2" sap:label="Grano No Entregado Liquidado" sap:creatable="false" sap:updatable="false" sap:filterable="false"/>
                <Property Name="GNEVencido" Type="Edm.Decimal" Nullable="false" Precision="15" Scale="2" sap:label="Grano No Entregado Vencido" sap:creatable="false" sap:updatable="false" sap:filterable="false"/>
                <Property Name="GNEAvencer" Type="Edm.Decimal" Nullable="false" Precision="15" Scale="2" sap:label="CPD Galicia" sap:creatable="false" sap:updatable="false" sap:filterable="false"/>
                <Property Name="TotalCND" Type="Edm.Decimal" Nullable="false" Precision="15" Scale="2" sap:label="CND Total" sap:creatable="false" sap:updatable="false" sap:filterable="false"/>
                <Property Name="AvencerCND" Type="Edm.Decimal" Nullable="false" Precision="15" Scale="2" sap:label="CND a Vencer" sap:creatable="false" sap:updatable="false" sap:filterable="false"/>
                <Property Name="VencidoCND" Type="Edm.Decimal" Nullable="false" Precision="15" Scale="2" sap:label="CND Vencido" sap:creatable="false" sap:updatable="false" sap:filterable="false"/>
                <Property Name="CPDTotal" Type="Edm.Decimal" Nullable="false" Precision="15" Scale="2" sap:label="CPD Total" sap:creatable="false" sap:updatable="false" sap:filterable="false"/>
                <Property Name="CPDEcheq" Type="Edm.Decimal" Nullable="false" Precision="15" Scale="2" sap:label="CPD E-Cheque" sap:creatable="false" sap:updatable="false" sap:filterable="false"/>
                <Property Name="CPDGalicia" Type="Edm.Decimal" Nullable="false" Precision="15" Scale="2" sap:label="CPD Galicia" sap:creatable="false" sap:updatable="false" sap:filterable="false"/>
                <Property Name="CPDRio" Type="Edm.Decimal" Nullable="false" Precision="15" Scale="2" sap:label="CPD Rio" sap:creatable="false" sap:updatable="false" sap:filterable="false"/>
                <Property Name="PosProy" Type="Edm.Decimal" Nullable="false" Precision="15" Scale="2" sap:label="Posicion proyectada" sap:creatable="false" sap:updatable="false" sap:filterable="false"/>
                <Property Name="LineaAfectada" Type="Edm.Decimal" Nullable="false" Precision="15" Scale="2" sap:label="Linea Afectada" sap:creatable="false" sap:updatable="false" sap:filterable="false"/>
                <Property Name="LineaAcordada" Type="Edm.Decimal" Nullable="false" Precision="15" Scale="2" sap:label="Linea Acordada" sap:creatable="false" sap:updatable="false" sap:filterable="false"/>
                <Property Name="LineaDisponible" Type="Edm.Decimal" Nullable="false" Precision="15" Scale="2" sap:label="Linea Disponible" sap:creatable="false" sap:updatable="false" sap:filterable="false"/>
                <Property Name="ValorComercial" Type="Edm.Decimal" Nullable="false" Precision="15" Scale="2" sap:label="Valor Comercial" sap:creatable="false" sap:updatable="false" sap:filterable="false"/>
                <Property Name="VencidoCC" Type="Edm.Decimal" Nullable="false" Precision="15" Scale="2" sap:label="Vencido CC" sap:creatable="false" sap:updatable="false" sap:filterable="false"/>
                <Property Name="AvencerCC" Type="Edm.Decimal" Nullable="false" Precision="15" Scale="2" sap:label="A Vencer CC" sap:creatable="false" sap:updatable="false" sap:filterable="false"/>
                <Property Name="TotalCC" Type="Edm.Decimal" Nullable="false" Precision="15" Scale="2" sap:label="Total CC" sap:creatable="false" sap:updatable="false" sap:filterable="false"/>
                <Property Name="Bzirk" Type="Edm.String" Nullable="false" MaxLength="6" sap:label="Zona" sap:creatable="false" sap:updatable="false"/>
                <Property Name="Kunnr" Type="Edm.String" Nullable="false" MaxLength="10" sap:label="Número de Cliente" sap:creatable="false" sap:updatable="false"/>
                <Property Name="Ort01" Type="Edm.String" Nullable="false" MaxLength="25" sap:label="Población" sap:creatable="false" sap:updatable="false"/>
                <Property Name="Name1" Type="Edm.String" Nullable="false" MaxLength="30" sap:label="Cliente" sap:creatable="false" sap:updatable="false" sap:filterable="false"/>
            </EntityType>
            <EntityContainer Name="ZSV_CTES_POR_ZONA_SRV_Entities" m:IsDefaultEntityContainer="true" sap:supported-formats="atom json">
                <EntitySet Name="ClientesSet" EntityType="ZSV_CTES_POR_ZONA_SRV.Clientes" sap:label="Clientes" sap:creatable="false" sap:updatable="false" sap:deletable="false" sap:pageable="false" sap:content-version="1"/>
                <EntitySet Name="ZonasSet" EntityType="ZSV_CTES_POR_ZONA_SRV.Zonas" sap:label="Zonas" sap:creatable="false" sap:updatable="false" sap:deletable="false" sap:pageable="false" sap:content-version="1" sap:semantics="fixed-values"/>
                <EntitySet Name="BalancesSet" EntityType="ZSV_CTES_POR_ZONA_SRV.Balances" sap:creatable="false" sap:updatable="false" sap:deletable="false" sap:pageable="false" sap:addressable="false" sap:content-version="1"/>
            </EntityContainer>
            <Annotations Target="ZSV_CTES_POR_ZONA_SRV.Clientes/Bzirk" xmlns="http://docs.oasis-open.org/odata/ns/edm">
                <Annotation Term="com.sap.vocabularies.Common.v1.ValueList">
                    <Record Type="com.sap.vocabularies.Common.v1.ValueListType">
                        <PropertyValue Property="CollectionPath" String="ZonasSet"/>
                        <PropertyValue Property="SearchSupported" Bool="true"/>
                        <PropertyValue Property="Parameters">
                            <Collection>
                                <Record Type="com.sap.vocabularies.Common.v1.ValueListParameterOut">
                                    <PropertyValue Property="LocalDataProperty" PropertyPath="Bzirk"/>
                                    <PropertyValue Property="ValueListProperty" String="Bztxt"/>
                                </Record>
                            </Collection>
                        </PropertyValue>
                    </Record>
                </Annotation>
            </Annotations>
            <atom:link rel="self" href="http://proferdev:8001/sap/opu/odata/sap/ZSV_CTES_POR_ZONA_SRV/$metadata" xmlns:atom="http://www.w3.org/2005/Atom"/>
            <atom:link rel="latest-version" href="http://proferdev:8001/sap/opu/odata/sap/ZSV_CTES_POR_ZONA_SRV/$metadata" xmlns:atom="http://www.w3.org/2005/Atom"/>
        </Schema>
    </edmx:DataServices>
</edmx:Edmx>