{
    "welcomeFile": "/index.html",
    "authenticationMethod": "none",
    "logout": {
        "logoutEndpoint": "/do/logout"
    },
    "routes": [
        {
            "source": "^/sap/opu/odata/sap/ZSV_INSTRUCTIVOS_SRV/",
            "destination": "BACKEND_SAP",
            "authenticationType": "xsuaa",
            "csrfProtection": false
        },
        {
            "source": "^(.*)$",
            "target": "$1",
            "service": "html5-apps-repo-rt",
            "authenticationType": "xsuaa"
        }
    ]
}