<?xml version="1.0" encoding="UTF-8"?>

-<edmx:Edmx xmlns:sap="http://www.sap.com/Protocols/SAPData" xmlns:m="http://schemas.microsoft.com/ado/2007/08/dataservices/metadata" xmlns:edmx="http://schemas.microsoft.com/ado/2007/06/edmx" Version="1.0">


-<edmx:DataServices m:DataServiceVersion="2.0">


-<Schema xml:lang="es" xmlns="http://schemas.microsoft.com/ado/2008/09/edm" sap:schema-version="1" Namespace="ZSV_CTA_CORRIENTE_SRV">


-<EntityType sap:content-version="1" Name="cta_saldo">


-<Key>

<PropertyRef Name="Bukrs"/>

<PropertyRef Name="Kunnr"/>

</Key>

<Property Name="Bukrs" sap:filterable="false" sap:sortable="false" sap:updatable="false" sap:creatable="false" sap:label="Sociedad" MaxLength="4" Nullable="false" Type="Edm.String"/>

<Property Name="Kunnr" sap:sortable="false" sap:updatable="false" sap:creatable="false" sap:label="Cliente" MaxLength="10" Nullable="false" Type="Edm.String"/>

<Property Name="Fecha" sap:filterable="false" sap:sortable="false" sap:updatable="false" sap:creatable="false" sap:label="Fecha Contabilización" Nullable="false" Type="Edm.String"/>

<Property Name="FechaDesde" sap:filterable="false" sap:sortable="false" sap:updatable="false" sap:creatable="false" sap:label="Fecha de Contabilización Desde" Nullable="false" Type="Edm.String"/>

<Property Name="Ampliada" sap:filterable="false" sap:sortable="false" sap:updatable="false" sap:creatable="false" sap:label="Fecha de Contabilización Hasta" Nullable="false" Type="Edm.String"/>

<Property Name="FechaHasta" sap:filterable="false" sap:sortable="false" sap:updatable="false" sap:creatable="false" sap:label="Cuenta Corriente Ampliada" Nullable="false" Type="Edm.String"/>

<Property Name="KunnrName1" sap:filterable="false" sap:sortable="false" sap:updatable="false" sap:creatable="false" sap:label="Nombre" MaxLength="35" Nullable="false" Type="Edm.String"/>

<Property Name="ASaldoCc" sap:filterable="false" sap:sortable="false" sap:updatable="false" sap:creatable="false" sap:label="1.A Saldo Compensacion en Cuenta Corriente" Nullable="false" Type="Edm.String"/>

<Property Name="BSaldoContab" sap:filterable="false" sap:sortable="false" sap:updatable="false" sap:creatable="false" sap:label="1.B Facturas/Liquidaciones/NC/ND Contabilizadas" Nullable="false" Type="Edm.String"/>

<Property Name="CSaldoOtras" sap:filterable="false" sap:sortable="false" sap:updatable="false" sap:creatable="false" sap:label="1.C Otras Facturas/Liquidaciones (no toman linea de credito)" Nullable="false" Type="Edm.String"/>

<Property Name="DSaldoOperac" sap:filterable="false" sap:sortable="false" sap:updatable="false" sap:creatable="false" sap:label="1.D Operaciones de Cereal Liquidadas" Nullable="false" Type="Edm.String"/>

<Property Name="ESaldoDeposito" sap:filterable="false" sap:sortable="false" sap:updatable="false" sap:creatable="false" sap:label="1.E Depositos Acreditados" Nullable="false" Type="Edm.String"/>

<Property Name="FSaldoVencido" sap:filterable="false" sap:sortable="false" sap:updatable="false" sap:creatable="false" sap:label="1.F Vencido" Nullable="false" Type="Edm.String"/>

<Property Name="SaldoCliente" sap:filterable="false" sap:sortable="false" sap:updatable="false" sap:creatable="false" sap:label="1. SALDO TOTAL CUENTACORRIENTE" Nullable="false" Type="Edm.String"/>

<Property Name="Financiadas" sap:filterable="false" sap:sortable="false" sap:updatable="false" sap:creatable="false" sap:label="2. Facturas/Liquidaciones a Plazo" Nullable="false" Type="Edm.String"/>

<Property Name="SaldoFinal" sap:filterable="false" sap:sortable="false" sap:updatable="false" sap:creatable="false" sap:label="3. SALDO FINAL (1+2)" Nullable="false" Type="Edm.String"/>

<Property Name="OpePFijar" sap:filterable="false" sap:sortable="false" sap:updatable="false" sap:creatable="false" sap:label="5. Cereal Entregado pendiente de Fijar" Nullable="false" Type="Edm.String"/>

<Property Name="OpePFactu" sap:filterable="false" sap:sortable="false" sap:updatable="false" sap:creatable="false" sap:label="5. Cereal Entregado pendiente de Facturar" Nullable="false" Type="Edm.String"/>

<Property Name="Operaciones" sap:filterable="false" sap:sortable="false" sap:updatable="false" sap:creatable="false" sap:label="5. TOTAL OTRAS OPERACIONES" Nullable="false" Type="Edm.String"/>

<Property Name="GSaldoRd" sap:filterable="false" sap:sortable="false" sap:updatable="false" sap:creatable="false" sap:label="CPD Pendientes de acreditarse Galicia" Nullable="false" Type="Edm.String"/>

<Property Name="HCerVenc" sap:filterable="false" sap:sortable="false" sap:updatable="false" sap:creatable="false" sap:label="Vencido según fecha maxima de entrega" Nullable="false" Type="Edm.String"/>

<Property Name="ICerAVenc" sap:filterable="false" sap:sortable="false" sap:updatable="false" sap:creatable="false" sap:label="A vencer segun fecha maxima de entrega" Nullable="false" Type="Edm.String"/>

<Property Name="FinanOtras" sap:filterable="false" sap:sortable="false" sap:updatable="false" sap:creatable="false" sap:label="Financiadas Otras (no toman linea de credito)" Nullable="false" Type="Edm.String"/>

<Property Name="TotalFinan" sap:filterable="false" sap:sortable="false" sap:updatable="false" sap:creatable="false" sap:label="Total operaciones financiadas" Nullable="false" Type="Edm.String"/>

<Property Name="GSaldoRdRio" sap:filterable="false" sap:sortable="false" sap:updatable="false" sap:creatable="false" sap:label="CPD Pendientes de acreditarse Rio" Nullable="false" Type="Edm.String"/>

<Property Name="OpePEntrega" sap:filterable="false" sap:sortable="false" sap:updatable="false" sap:creatable="false" sap:label="Pendiente de entrega" Nullable="false" Type="Edm.String"/>

<Property Name="FactVencidas" sap:filterable="false" sap:sortable="false" sap:updatable="false" sap:creatable="false" sap:label="Facturas Vencidas" Nullable="false" Type="Edm.String"/>

<Property Name="FactAntVencidas" sap:filterable="false" sap:sortable="false" sap:updatable="false" sap:creatable="false" sap:label="Facturas Anticipada vencidas" Nullable="false" Type="Edm.String"/>

<Property Name="FactAVencer" sap:filterable="false" sap:sortable="false" sap:updatable="false" sap:creatable="false" sap:label="Factuas a vencer" Nullable="false" Type="Edm.String"/>

<Property Name="FactAntAVencer" sap:filterable="false" sap:sortable="false" sap:updatable="false" sap:creatable="false" sap:label="Facturas Anticipadas a vencer" Nullable="false" Type="Edm.String"/>

<Property Name="Pagos" sap:filterable="false" sap:sortable="false" sap:updatable="false" sap:creatable="false" sap:label="Pagos" Nullable="false" Type="Edm.String"/>

<Property Name="LineaAfectada" sap:filterable="false" sap:sortable="false" sap:updatable="false" sap:creatable="false" sap:label="Línea de Crédito Afectada" Nullable="false" Type="Edm.String"/>

<Property Name="LineaAcordada" sap:filterable="false" sap:sortable="false" sap:updatable="false" sap:creatable="false" sap:label="Línea de Crédito Acordada" Nullable="false" Type="Edm.String"/>

<Property Name="LineaDisponible" sap:filterable="false" sap:sortable="false" sap:updatable="false" sap:creatable="false" sap:label="Línea de Crédito Disponible" Nullable="false" Type="Edm.String"/>

<Property Name="TotalCupos" sap:filterable="false" sap:sortable="false" sap:updatable="false" sap:creatable="false" sap:label="Total Cupos Solicitados" Nullable="false" Type="Edm.String"/>

<Property Name="AVencer" sap:filterable="false" sap:sortable="false" sap:updatable="false" sap:creatable="false" sap:label="A vencer según fecha de negocio" Nullable="false" Type="Edm.String"/>

<Property Name="Vencidos" sap:filterable="false" sap:sortable="false" sap:updatable="false" sap:creatable="false" sap:label="Vencidos según fecha de negocio" Nullable="false" Type="Edm.String"/>

<Property Name="TotalNegocio" sap:filterable="false" sap:sortable="false" sap:updatable="false" sap:creatable="false" sap:label="Total Negocios" Nullable="false" Type="Edm.String"/>

<Property Name="TotalSaldoFin" sap:filterable="false" sap:sortable="false" sap:updatable="false" sap:creatable="false" sap:label="SALDO FINAL CUENTA CORRIENTE" Nullable="false" Type="Edm.String"/>

<Property Name="TotalSaldoCereal" sap:filterable="false" sap:sortable="false" sap:updatable="false" sap:creatable="false" sap:label="SALDO CEREAL ENTREGADO O LIQUIDADO PENDIENTE DE ENTREGA" Nullable="false" Type="Edm.String"/>

<Property Name="TotalContratos" sap:filterable="false" sap:sortable="false" sap:updatable="false" sap:creatable="false" sap:label="CONTRATOS DE GRANO PENDIENTE DE ENTREGA" Nullable="false" Type="Edm.String"/>

<Property Name="TotalCheques" sap:filterable="false" sap:sortable="false" sap:updatable="false" sap:creatable="false" sap:label="CHEQUES DE PAGOS DIFERIDOS PENDIENTE DE ACREDITARSE" Nullable="false" Type="Edm.String"/>

</EntityType>


-<EntityType sap:content-version="1" Name="det_negocio">


-<Key>

<PropertyRef Name="Vbeln"/>

<PropertyRef Name="Bstdk"/>

<PropertyRef Name="Arktx"/>

<PropertyRef Name="Netpr"/>

<PropertyRef Name="Werks"/>

<PropertyRef Name="Kunnr"/>

</Key>

<Property Name="Vbeln" sap:updatable="false" sap:creatable="false" sap:label="Negocio" MaxLength="10" Nullable="false" Type="Edm.String"/>

<Property Name="Bstdk" sap:updatable="false" sap:creatable="false" sap:label="Fecha de Negocio" Nullable="false" Type="Edm.DateTime" sap:display-format="Date" Precision="7"/>

<Property Name="Arktx" sap:updatable="false" sap:creatable="false" sap:label="Producto" MaxLength="40" Nullable="false" Type="Edm.String"/>

<Property Name="Netpr" sap:updatable="false" sap:creatable="false" sap:label="Precio" Nullable="false" Type="Edm.String"/>

<Property Name="Werks" sap:updatable="false" sap:creatable="false" sap:label="Centro" MaxLength="4" Nullable="false" Type="Edm.String"/>

<Property Name="BstdkE" sap:updatable="false" sap:creatable="false" sap:label="Fecha Pago" Nullable="false" Type="Edm.DateTime" sap:display-format="Date" Precision="7"/>

<Property Name="Gueen" sap:updatable="false" sap:creatable="false" sap:label="Vig. Neg." Nullable="false" Type="Edm.DateTime" sap:display-format="Date" Precision="7"/>

<Property Name="Zmeng" sap:updatable="false" sap:creatable="false" sap:label="Negociado" Nullable="false" Type="Edm.String"/>

<Property Name="CupoSinFact" sap:updatable="false" sap:creatable="false" sap:label="Cupo s/fact" Nullable="false" Type="Edm.String"/>

<Property Name="Saldo" sap:updatable="false" sap:creatable="false" sap:label="Saldo s/fact" Nullable="false" Type="Edm.String"/>

<Property Name="Valor" sap:updatable="false" sap:creatable="false" sap:label="Valor USD + IVA" Nullable="false" Type="Edm.String"/>

<Property Name="Vencido" sap:updatable="false" sap:creatable="false" sap:label="Vencido" MaxLength="2" Nullable="false" Type="Edm.String"/>

<Property Name="Diasmora" sap:updatable="false" sap:creatable="false" sap:label="Dias de Mora" MaxLength="10" Nullable="false" Type="Edm.String"/>

<Property Name="Kkber" sap:updatable="false" sap:creatable="false" sap:label="ACC" MaxLength="4" Nullable="false" Type="Edm.String"/>

<Property Name="Bsark" sap:updatable="false" sap:creatable="false" sap:label="Tipo Ct." MaxLength="4" Nullable="false" Type="Edm.String"/>

<Property Name="Kunnr" sap:sortable="false" sap:updatable="false" sap:creatable="false" sap:label="Cliente" MaxLength="10" Nullable="false" Type="Edm.String"/>

</EntityType>


-<EntityType sap:content-version="1" Name="det_cheque">


-<Key>

<PropertyRef Name="Kunnr"/>

<PropertyRef Name="Item"/>

<PropertyRef Name="Gjahr"/>

<PropertyRef Name="Belnr"/>

<PropertyRef Name="Buzei"/>

</Key>

<Property Name="Kunnr" sap:sortable="false" sap:updatable="false" sap:creatable="false" sap:label="Cliente" MaxLength="10" Nullable="false" Type="Edm.String"/>

<Property Name="FechMov" sap:sortable="false" sap:updatable="false" sap:creatable="false" sap:label="Fecha Movimiento" Type="Edm.DateTime" Precision="7"/>

<Property Name="FechaSaldo" sap:sortable="false" sap:updatable="false" sap:creatable="false" sap:label="Fecha Saldo Cuenta Corriente" Type="Edm.DateTime" Precision="7"/>

<Property Name="Item" sap:updatable="false" sap:creatable="false" sap:label="Item" MaxLength="1" Nullable="false" Type="Edm.String"/>

<Property Name="Blart" sap:updatable="false" sap:creatable="false" sap:label="Tipo Doc." MaxLength="2" Nullable="false" Type="Edm.String"/>

<Property Name="BlartTxt" sap:updatable="false" sap:creatable="false" sap:label="Concepto" MaxLength="20" Nullable="false" Type="Edm.String"/>

<Property Name="Zuonr" sap:updatable="false" sap:creatable="false" sap:label="Nro. Comprobante" MaxLength="18" Nullable="false" Type="Edm.String"/>

<Property Name="Bldat" sap:updatable="false" sap:creatable="false" sap:label="Fecha documento" Type="Edm.DateTime" Precision="7"/>

<Property Name="Zfbdt" sap:updatable="false" sap:creatable="false" sap:label="Vencimiento" Type="Edm.DateTime" Precision="7"/>

<Property Name="Dmbtr" sap:updatable="false" sap:creatable="false" sap:label="Importe $" Nullable="false" Type="Edm.String"/>

<Property Name="SaldoAcumMl" sap:updatable="false" sap:creatable="false" sap:label="Saldo Acumulado $" Nullable="false" Type="Edm.String"/>

<Property Name="TipoCambio" sap:updatable="false" sap:creatable="false" sap:label="Tipo de Cambio" Nullable="false" Type="Edm.String"/>

<Property Name="Dmbe3" sap:updatable="false" sap:creatable="false" sap:label="Importe en USD" Nullable="false" Type="Edm.String"/>

<Property Name="SaldoAcumMe" sap:updatable="false" sap:creatable="false" sap:label="Saldo Acumulado USD" Nullable="false" Type="Edm.String"/>

<Property Name="Gjahr" sap:updatable="false" sap:creatable="false" sap:label="Ejercicio" MaxLength="4" Nullable="false" Type="Edm.String"/>

<Property Name="Belnr" sap:updatable="false" sap:creatable="false" sap:label="Nº documento" MaxLength="10" Nullable="false" Type="Edm.String"/>

<Property Name="Buzei" sap:updatable="false" sap:creatable="false" sap:label="Posición" MaxLength="3" Nullable="false" Type="Edm.String"/>

<Property Name="Banco" sap:sortable="false" sap:updatable="false" sap:creatable="false" sap:label="Banco" Nullable="false" Type="Edm.String" sap:display-format="Date"/>

</EntityType>


-<EntityType sap:content-version="1" Name="docAsociados">


-<Key>

<PropertyRef Name="NroComprobante"/>

<PropertyRef Name="Kunnr"/>

<PropertyRef Name="carta_de_porte"/>

</Key>

<Property Name="NroComprobante" sap:updatable="false" sap:creatable="false" sap:label="Nro Comprobante" MaxLength="15" Nullable="false" Type="Edm.String"/>

<Property Name="Kunnr" sap:updatable="false" sap:creatable="false" sap:label="Cliente" MaxLength="12" Nullable="false" Type="Edm.String"/>

<Property Name="carta_de_porte" sap:updatable="false" sap:creatable="false" sap:label="Carta Porte" Nullable="false" Type="Edm.String"/>

<Property Name="fecha" sap:updatable="false" sap:creatable="false" sap:label="Fecha" MaxLength="8" Type="Edm.String"/>

<Property Name="tn" sap:updatable="false" sap:creatable="false" sap:label="Toneladas Entregadas" Nullable="false" Type="Edm.String"/>

<Property Name="bukrs" sap:updatable="false" sap:creatable="false" sap:label="Sociedad" Nullable="false" Type="Edm.String"/>

<Property Name="gjahr" sap:updatable="false" sap:creatable="false" sap:label="Ejercicio" Nullable="false" Type="Edm.String"/>

<Property Name="belnr" sap:filterable="false" sap:updatable="false" sap:creatable="false" sap:label="Número de un documento contable" Nullable="false" Type="Edm.String"/>

<Property Name="name1" sap:updatable="false" sap:creatable="false" sap:label="Nombre" Nullable="false" Type="Edm.String"/>

<Property Name="bzirk" sap:updatable="false" sap:creatable="false" sap:label="Zona de ventas" Nullable="false" Type="Edm.String"/>

<Property Name="Contrato" sap:filterable="false" sap:sortable="false" sap:updatable="false" sap:creatable="false" Nullable="false" Type="Edm.String"/>

</EntityType>


-<EntityType sap:content-version="1" Name="cta_det_sal">


-<Key>

<PropertyRef Name="Kunnr"/>

<PropertyRef Name="Zuonr"/>

</Key>

<Property Name="Kunnr" sap:sortable="false" sap:updatable="false" sap:creatable="false" sap:label="Cliente" MaxLength="10" Nullable="false" Type="Edm.String"/>

<Property Name="FechaMov" sap:updatable="false" sap:creatable="false" sap:label="Fecha Movimiento" Type="Edm.DateTime" Precision="7"/>

<Property Name="FechaSaldo" sap:updatable="false" sap:creatable="false" sap:label="Fecha Saldo Cuenta Corriente" Type="Edm.DateTime" Precision="7"/>

<Property Name="Item" sap:updatable="false" sap:creatable="false" sap:label="Item" MaxLength="1" Nullable="false" Type="Edm.String"/>

<Property Name="Blart" sap:updatable="false" sap:creatable="false" sap:label="Tipo Doc." MaxLength="2" Nullable="false" Type="Edm.String"/>

<Property Name="BlartTxt" sap:updatable="false" sap:creatable="false" sap:label="Concepto" MaxLength="20" Nullable="false" Type="Edm.String"/>

<Property Name="Zuonr" sap:updatable="false" sap:creatable="false" sap:label="Nro. Comprobante" MaxLength="18" Nullable="false" Type="Edm.String"/>

<Property Name="Budat" sap:updatable="false" sap:creatable="false" sap:label="Fecha Documento" Type="Edm.DateTime" sap:display-format="Date" Precision="7"/>

<Property Name="Zfbdt" sap:updatable="false" sap:creatable="false" sap:label="Vencimiento" Type="Edm.DateTime" sap:display-format="Date" Precision="7"/>

<Property Name="Dmbtr" sap:updatable="false" sap:creatable="false" sap:label="Importe $" Nullable="false" Type="Edm.String"/>

<Property Name="SaldoAcumMl" sap:updatable="false" sap:creatable="false" sap:label="Saldo Acumulado $" Nullable="false" Type="Edm.String"/>

<Property Name="TipoCambio" sap:updatable="false" sap:creatable="false" sap:label="Tipo de Cambio" Nullable="false" Type="Edm.String"/>

<Property Name="Dmbe3" sap:updatable="false" sap:creatable="false" sap:label="Importe en USD" Nullable="false" Type="Edm.String"/>

<Property Name="SaldoAcumMe" sap:updatable="false" sap:creatable="false" sap:label="Saldo Acumulado USD" Nullable="false" Type="Edm.String"/>

<Property Name="FechaMovDesde" sap:sortable="false" sap:updatable="false" sap:creatable="false" sap:label="Cronomarcador" Nullable="false" Type="Edm.DateTime" Precision="7"/>

<Property Name="FechaMovHasta" sap:sortable="false" sap:updatable="false" sap:creatable="false" sap:label="Cronomarcador" Nullable="false" Type="Edm.DateTime" Precision="7"/>

</EntityType>


-<EntityType sap:content-version="1" Name="det_cereal">


-<Key>

<PropertyRef Name="Kunnr"/>

</Key>

<Property Name="Kunnr" sap:sortable="false" sap:updatable="false" sap:creatable="false" sap:label="Cliente" Nullable="false" Type="Edm.String"/>

<Property Name="FechaMov" sap:sortable="false" sap:updatable="false" sap:creatable="false" sap:label="Fecha Movimiento" Type="Edm.DateTime" Precision="7"/>

<Property Name="FechaSaldo" sap:sortable="false" sap:updatable="false" sap:creatable="false" sap:label="Fecha Saldo Cuenta Corriente" Type="Edm.DateTime" Precision="7"/>

<Property Name="Contrato" sap:updatable="false" sap:creatable="false" sap:label="Contrato" MaxLength="20" Nullable="false" Type="Edm.String"/>

<Property Name="NroComprobante" sap:updatable="false" sap:creatable="false" sap:label="Nro Comprobante" MaxLength="50" Nullable="false" Type="Edm.String"/>

<Property Name="Fecha" sap:updatable="false" sap:creatable="false" sap:label="Fecha" Type="Edm.DateTime" sap:display-format="Date" Precision="7"/>

<Property Name="DescEspecie" sap:updatable="false" sap:creatable="false" sap:label="Especie" MaxLength="50" Nullable="false" Type="Edm.String"/>

<Property Name="Corredor" sap:updatable="false" sap:creatable="false" sap:label="Corredor" MaxLength="35" Nullable="false" Type="Edm.String"/>

<Property Name="Desde" sap:updatable="false" sap:creatable="false" sap:label="Desde" Type="Edm.DateTime" sap:display-format="Date" Precision="7"/>

<Property Name="Hasta" sap:updatable="false" sap:creatable="false" sap:label="Hasta" Type="Edm.DateTime" sap:display-format="Date" Precision="7"/>

<Property Name="Modalidad" sap:updatable="false" sap:creatable="false" sap:label="Modalidad" MaxLength="50" Nullable="false" Type="Edm.String"/>

<Property Name="TnPactadas" sap:updatable="false" sap:creatable="false" sap:label="Totales TN" Nullable="false" Type="Edm.String"/>

<Property Name="TnEntregadas" sap:updatable="false" sap:creatable="false" sap:label="Entregadas TN" Nullable="false" Type="Edm.String"/>

<Property Name="TnEntrLiquidadas" sap:updatable="false" sap:creatable="false" sap:label="Entr. Liq TN" Nullable="false" Type="Edm.String"/>

<Property Name="TnEntrPendFijar" sap:updatable="false" sap:creatable="false" sap:label="Entr.Pend.Fijar TN" Nullable="false" Type="Edm.String"/>

<Property Name="TnEntrPendLiqui" sap:updatable="false" sap:creatable="false" sap:label="Entr.Pend.Liq TN" Nullable="false" Type="Edm.String"/>

<Property Name="TnLiqNoEntregadas" sap:updatable="false" sap:creatable="false" sap:label="Liq.no.Enr TN" Nullable="false" Type="Edm.String"/>

<Property Name="TnPteEnt" sap:updatable="false" sap:creatable="false" sap:label="Pend.Entr TN" Nullable="false" Type="Edm.String"/>

<Property Name="UsdEntrPendFijar" sap:updatable="false" sap:creatable="false" sap:label="Entr.Pend.Fijar USD" Nullable="false" Type="Edm.String"/>

<Property Name="UsdEntrPendLiqui" sap:updatable="false" sap:creatable="false" sap:label="Entr.Pend.Liq USD" Nullable="false" Type="Edm.String"/>

<Property Name="UsdLiqNoEntregadas" sap:updatable="false" sap:creatable="false" sap:label="Liq.Pend.Entr USD" Nullable="false" Type="Edm.String"/>

<Property Name="UsdPend" sap:updatable="false" sap:creatable="false" sap:label="Pend.Entrega USD" Nullable="false" Type="Edm.String"/>

</EntityType>


-<EntityType sap:content-version="1" Name="Clientes">


-<Key>

<PropertyRef Name="Cliente"/>

</Key>

<Property Name="Cliente" sap:sortable="false" sap:updatable="false" sap:creatable="false" Nullable="false" Type="Edm.String"/>

<Property Name="ClienteTexto" sap:sortable="false" sap:updatable="false" sap:creatable="false" Nullable="false" Type="Edm.String"/>

</EntityType>


-<EntityType sap:content-version="1" Name="Interbanking" sap:label="Interbanking">


-<Key>

<PropertyRef Name="Cliente"/>

</Key>

<Property Name="Cuit" sap:updatable="false" sap:creatable="false" sap:label="CUIT" Nullable="false" Type="Edm.String"/>

<Property Name="Cliente" sap:updatable="false" sap:creatable="false" sap:label="Nro de Cliente" Nullable="false" Type="Edm.String"/>

</EntityType>


-<ComplexType Name="IKunnr">

<Property Name="Parameter" sap:filterable="false" sap:sortable="false" sap:updatable="false" sap:creatable="false" sap:label="Parámetro" MaxLength="32" Nullable="false" Type="Edm.String"/>

<Property Name="Sign" sap:filterable="false" sap:sortable="false" sap:updatable="false" sap:creatable="false" sap:label="Inclusive/Exclusive" MaxLength="1" Nullable="false" Type="Edm.String"/>

<Property Name="Option" sap:filterable="false" sap:sortable="false" sap:updatable="false" sap:creatable="false" sap:label="Oper.selec.OPTION" MaxLength="2" Nullable="false" Type="Edm.String"/>

<Property Name="Low" sap:filterable="false" sap:sortable="false" sap:updatable="false" sap:creatable="false" sap:label="Delimit." MaxLength="45" Nullable="false" Type="Edm.String"/>

<Property Name="High" sap:filterable="false" sap:sortable="false" sap:updatable="false" sap:creatable="false" sap:label="Delimit." MaxLength="45" Nullable="false" Type="Edm.String"/>

</ComplexType>


-<EntityContainer Name="ZSV_CTA_CORRIENTE_SRV_Entities" sap:supported-formats="atom json" m:IsDefaultEntityContainer="true">

<EntitySet sap:content-version="1" Name="cta_saldoSet" sap:updatable="false" sap:creatable="false" sap:pageable="false" sap:deletable="false" EntityType="ZSV_CTA_CORRIENTE_SRV.cta_saldo"/>

<EntitySet sap:content-version="1" Name="det_negocioSet" sap:updatable="false" sap:creatable="false" sap:pageable="false" sap:deletable="false" EntityType="ZSV_CTA_CORRIENTE_SRV.det_negocio"/>

<EntitySet sap:content-version="1" Name="det_chequeSet" sap:updatable="false" sap:creatable="false" sap:pageable="false" sap:deletable="false" EntityType="ZSV_CTA_CORRIENTE_SRV.det_cheque"/>

<EntitySet sap:content-version="1" Name="docAsociadosSet" sap:updatable="false" sap:creatable="false" sap:pageable="false" sap:deletable="false" EntityType="ZSV_CTA_CORRIENTE_SRV.docAsociados" sap:addressable="false"/>

<EntitySet sap:content-version="1" Name="cta_det_salSet" sap:updatable="false" sap:creatable="false" sap:pageable="false" sap:deletable="false" EntityType="ZSV_CTA_CORRIENTE_SRV.cta_det_sal"/>

<EntitySet sap:content-version="1" Name="det_cerealSet" sap:updatable="false" sap:creatable="false" sap:pageable="false" sap:deletable="false" EntityType="ZSV_CTA_CORRIENTE_SRV.det_cereal"/>

<EntitySet sap:content-version="1" Name="ClientesSet" sap:updatable="false" sap:creatable="false" sap:pageable="false" sap:deletable="false" EntityType="ZSV_CTA_CORRIENTE_SRV.Clientes" sap:addressable="false"/>

<EntitySet sap:content-version="1" Name="InterbankingSet" sap:updatable="false" sap:creatable="false" sap:pageable="false" sap:deletable="false" EntityType="ZSV_CTA_CORRIENTE_SRV.Interbanking" sap:addressable="false"/>

</EntityContainer>

<atom:link xmlns:atom="http://www.w3.org/2005/Atom" href="http://suarbuad02d01.grupo.ypf.com:8001/sap/opu/odata/sap/ZSV_CTA_CORRIENTE_SRV/$metadata" rel="self"/>

<atom:link xmlns:atom="http://www.w3.org/2005/Atom" href="http://suarbuad02d01.grupo.ypf.com:8001/sap/opu/odata/sap/ZSV_CTA_CORRIENTE_SRV/$metadata" rel="latest-version"/>

</Schema>

</edmx:DataServices>

</edmx:Edmx>
