<?xml version="1.0" encoding="utf-8"?>
<edmx:Edmx Version="1.0" xmlns:edmx="http://schemas.microsoft.com/ado/2007/06/edmx" xmlns:m="http://schemas.microsoft.com/ado/2007/08/dataservices/metadata" xmlns:sap="http://www.sap.com/Protocols/SAPData">
    <edmx:DataServices m:DataServiceVersion="2.0">
        <Schema Namespace="ZSV_MERCADERIA_SRV" xml:lang="es" sap:schema-version="1" xmlns="http://schemas.microsoft.com/ado/2008/09/edm">
            <EntityType Name="Cliente" sap:content-version="1">
                <Key>
                    <PropertyRef Name="Kunnr"/>
                </Key>
                <Property Name="Kunnr" Type="Edm.String" Nullable="false" sap:creatable="false" sap:updatable="false" sap:sortable="false" sap:filterable="false"/>
                <Property Name="Nombre" Type="Edm.String" Nullable="false" sap:creatable="false" sap:updatable="false" sap:sortable="false" sap:filterable="false"/>
            </EntityType>
            <EntityType Name="Totales" sap:content-version="1">
                <Key>
                    <PropertyRef Name="Concepto"/>
                </Key>
                <Property Name="Concepto" Type="Edm.String" Nullable="false" MaxLength="20" sap:creatable="false" sap:updatable="false" sap:sortable="false" sap:filterable="false"/>
                <Property Name="Usd" Type="Edm.Decimal" Nullable="false" Precision="15" Scale="3" sap:creatable="false" sap:updatable="false" sap:sortable="false" sap:filterable="false"/>
                <Property Name="Tn" Type="Edm.Decimal" Nullable="false" Precision="15" Scale="3" sap:creatable="false" sap:updatable="false" sap:sortable="false" sap:filterable="false"/>
                <Property Name="CantRegistros" Type="Edm.Int32" Nullable="false" sap:creatable="false" sap:updatable="false" sap:sortable="false" sap:filterable="false"/>
            </EntityType>
            <EntityType Name="MercaderiaFacturadaCompensada" sap:content-version="1">
                <Key>
                    <PropertyRef Name="Vbeln"/>
                    <PropertyRef Name="Posnr"/>
                </Key>
                <Property Name="Vbeln" Type="Edm.String" Nullable="false" MaxLength="10" sap:label="Doc.comercial" sap:creatable="false" sap:updatable="false" sap:sortable="false" sap:filterable="false"/>
                <Property Name="Posnr" Type="Edm.String" Nullable="false" MaxLength="6" sap:label="Posición" sap:creatable="false" sap:updatable="false" sap:sortable="false" sap:filterable="false"/>
                <Property Name="Erdat" Type="Edm.DateTime" Nullable="false" Precision="7" sap:label="Creado el" sap:creatable="false" sap:updatable="false" sap:sortable="false" sap:filterable="false"/>
                <Property Name="BstdkE" Type="Edm.DateTime" Nullable="false" Precision="7" sap:label="Fecha venc. pago" sap:creatable="false" sap:updatable="false" sap:sortable="false" sap:filterable="false"/>
                <Property Name="Matnr" Type="Edm.String" Nullable="false" MaxLength="18" sap:label="Material" sap:creatable="false" sap:updatable="false" sap:sortable="false" sap:filterable="false"/>
                <Property Name="Arktx" Type="Edm.String" Nullable="false" MaxLength="40" sap:label="Denominación" sap:creatable="false" sap:updatable="false" sap:sortable="false" sap:filterable="false"/>
                <Property Name="Kondm" Type="Edm.String" Nullable="false" MaxLength="2" sap:label="Gr.materiales" sap:creatable="false" sap:updatable="false" sap:sortable="false" sap:filterable="false"/>
                <Property Name="KondmTxt" Type="Edm.String" Nullable="false" MaxLength="20" sap:label="Denominación" sap:creatable="false" sap:updatable="false" sap:sortable="false" sap:filterable="false"/>
                <Property Name="Netpr" Type="Edm.Decimal" Nullable="false" Precision="12" Scale="3" sap:label="Precio neto" sap:creatable="false" sap:updatable="false" sap:sortable="false" sap:filterable="false"/>
                <Property Name="Werks" Type="Edm.String" Nullable="false" MaxLength="4" sap:label="Centro" sap:creatable="false" sap:updatable="false" sap:sortable="false" sap:filterable="false"/>
                <Property Name="WerksName1" Type="Edm.String" Nullable="false" MaxLength="30" sap:label="Nombre 1" sap:creatable="false" sap:updatable="false" sap:sortable="false" sap:filterable="false"/>
                <Property Name="Bzirk" Type="Edm.String" Nullable="false" MaxLength="6" sap:label="Zona de ventas" sap:creatable="false" sap:updatable="false" sap:sortable="false" sap:filterable="false"/>
                <Property Name="BzirkTxt" Type="Edm.String" Nullable="false" MaxLength="20" sap:label="DenominZonaVtas" sap:creatable="false" sap:updatable="false" sap:sortable="false" sap:filterable="false"/>
                <Property Name="Gueen" Type="Edm.DateTime" Nullable="false" Precision="7" sap:label="Validez a" sap:creatable="false" sap:updatable="false" sap:sortable="false" sap:filterable="false"/>
                <Property Name="TotAcuerdo" Type="Edm.Decimal" Nullable="false" Precision="15" Scale="3" sap:unit="Meins" sap:label="TOT_ACUERDO" sap:creatable="false" sap:updatable="false" sap:sortable="false" sap:filterable="false"/>
                <Property Name="TotAcuerdoIva" Type="Edm.Decimal" Nullable="false" Precision="15" Scale="3" sap:unit="Meins" sap:label="TOT_ACUERDO_IVA" sap:creatable="false" sap:updatable="false" sap:sortable="false" sap:filterable="false"/>
                <Property Name="TotPlanEntrega" Type="Edm.Decimal" Nullable="false" Precision="15" Scale="3" sap:unit="Meins" sap:label="TOT_PLAN_ENTREGA" sap:creatable="false" sap:updatable="false" sap:sortable="false" sap:filterable="false"/>
                <Property Name="TotPlanEntregaIva" Type="Edm.Decimal" Nullable="false" Precision="15" Scale="3" sap:unit="Meins" sap:label="TOT_PLAN_ENTREGA_IVA" sap:creatable="false" sap:updatable="false" sap:sortable="false" sap:filterable="false"/>
                <Property Name="Entregado" Type="Edm.Decimal" Nullable="false" Precision="15" Scale="3" sap:unit="Meins" sap:label="ENTREGADO" sap:creatable="false" sap:updatable="false" sap:sortable="false" sap:filterable="false"/>
                <Property Name="EntregadoIva" Type="Edm.Decimal" Nullable="false" Precision="15" Scale="3" sap:unit="Meins" sap:label="ENTREGADO_IVA" sap:creatable="false" sap:updatable="false" sap:sortable="false" sap:filterable="false"/>
                <Property Name="PendienteAcuerdo" Type="Edm.Decimal" Nullable="false" Precision="15" Scale="3" sap:unit="Meins" sap:label="PENDIENTE_ACUERDO" sap:creatable="false" sap:updatable="false" sap:sortable="false" sap:filterable="false"/>
                <Property Name="PendienteAcuerdoIva" Type="Edm.Decimal" Nullable="false" Precision="15" Scale="3" sap:unit="Meins" sap:label="PENDIENTE_ACUERDO_IVA" sap:creatable="false" sap:updatable="false" sap:sortable="false" sap:filterable="false"/>
                <Property Name="NoEntreFacComp" Type="Edm.Decimal" Nullable="false" Precision="15" Scale="3" sap:unit="Meins" sap:label="NO_ENTRE_FAC_COMP" sap:creatable="false" sap:updatable="false" sap:sortable="false" sap:filterable="false"/>
                <Property Name="NoEntreFacCompIva" Type="Edm.Decimal" Nullable="false" Precision="15" Scale="3" sap:unit="Meins" sap:label="NO_ENTRE_FAC_COMP_IVA" sap:creatable="false" sap:updatable="false" sap:sortable="false" sap:filterable="false"/>
                <Property Name="Meins" Type="Edm.String" Nullable="false" MaxLength="3" sap:label="UM base" sap:creatable="false" sap:updatable="false" sap:sortable="false" sap:filterable="false" sap:semantics="unit-of-measure"/>
            </EntityType>
            <EntityType Name="MercaderiaFacturadaNoCompensada" sap:content-version="1">
                <Key>
                    <PropertyRef Name="Vbeln"/>
                    <PropertyRef Name="Posnr"/>
                </Key>
                <Property Name="Vbeln" Type="Edm.String" Nullable="false" MaxLength="10" sap:label="Doc.comercial" sap:creatable="false" sap:updatable="false" sap:sortable="false" sap:filterable="false"/>
                <Property Name="Posnr" Type="Edm.String" Nullable="false" MaxLength="6" sap:label="Posición" sap:creatable="false" sap:updatable="false" sap:sortable="false" sap:filterable="false"/>
                <Property Name="Erdat" Type="Edm.DateTime" Nullable="false" Precision="7" sap:label="Creado el" sap:creatable="false" sap:updatable="false" sap:sortable="false" sap:filterable="false"/>
                <Property Name="BstdkE" Type="Edm.DateTime" Nullable="false" Precision="7" sap:label="Fecha venc. pago" sap:creatable="false" sap:updatable="false" sap:sortable="false" sap:filterable="false"/>
                <Property Name="Matnr" Type="Edm.String" Nullable="false" MaxLength="18" sap:label="Material" sap:creatable="false" sap:updatable="false" sap:sortable="false" sap:filterable="false"/>
                <Property Name="Arktx" Type="Edm.String" Nullable="false" MaxLength="40" sap:label="Denominación" sap:creatable="false" sap:updatable="false" sap:sortable="false" sap:filterable="false"/>
                <Property Name="Kondm" Type="Edm.String" Nullable="false" MaxLength="2" sap:label="Gr.materiales" sap:creatable="false" sap:updatable="false" sap:sortable="false" sap:filterable="false"/>
                <Property Name="KondmTxt" Type="Edm.String" Nullable="false" MaxLength="20" sap:label="Denominación" sap:creatable="false" sap:updatable="false" sap:sortable="false" sap:filterable="false"/>
                <Property Name="Netpr" Type="Edm.Decimal" Nullable="false" Precision="12" Scale="3" sap:label="Precio neto" sap:creatable="false" sap:updatable="false" sap:sortable="false" sap:filterable="false"/>
                <Property Name="Werks" Type="Edm.String" Nullable="false" MaxLength="4" sap:label="Centro" sap:creatable="false" sap:updatable="false" sap:sortable="false" sap:filterable="false"/>
                <Property Name="WerksName1" Type="Edm.String" Nullable="false" MaxLength="30" sap:label="Nombre 1" sap:creatable="false" sap:updatable="false" sap:sortable="false" sap:filterable="false"/>
                <Property Name="Bzirk" Type="Edm.String" Nullable="false" MaxLength="6" sap:label="Zona de ventas" sap:creatable="false" sap:updatable="false" sap:sortable="false" sap:filterable="false"/>
                <Property Name="BzirkTxt" Type="Edm.String" Nullable="false" MaxLength="20" sap:label="DenominZonaVtas" sap:creatable="false" sap:updatable="false" sap:sortable="false" sap:filterable="false"/>
                <Property Name="Gueen" Type="Edm.DateTime" Nullable="false" Precision="7" sap:label="Validez a" sap:creatable="false" sap:updatable="false" sap:sortable="false" sap:filterable="false"/>
                <Property Name="TotAcuerdo" Type="Edm.Decimal" Nullable="false" Precision="15" Scale="3" sap:unit="Meins" sap:label="TOT_ACUERDO" sap:creatable="false" sap:updatable="false" sap:sortable="false" sap:filterable="false"/>
                <Property Name="TotAcuerdoIva" Type="Edm.Decimal" Nullable="false" Precision="15" Scale="3" sap:unit="Meins" sap:label="TOT_ACUERDO_IVA" sap:creatable="false" sap:updatable="false" sap:sortable="false" sap:filterable="false"/>
                <Property Name="TotPlanEntrega" Type="Edm.Decimal" Nullable="false" Precision="15" Scale="3" sap:unit="Meins" sap:label="TOT_PLAN_ENTREGA" sap:creatable="false" sap:updatable="false" sap:sortable="false" sap:filterable="false"/>
                <Property Name="TotPlanEntregaIva" Type="Edm.Decimal" Nullable="false" Precision="15" Scale="3" sap:unit="Meins" sap:label="TOT_PLAN_ENTREGA_IVA" sap:creatable="false" sap:updatable="false" sap:sortable="false" sap:filterable="false"/>
                <Property Name="Entregado" Type="Edm.Decimal" Nullable="false" Precision="15" Scale="3" sap:unit="Meins" sap:label="ENTREGADO" sap:creatable="false" sap:updatable="false" sap:sortable="false" sap:filterable="false"/>
                <Property Name="EntregadoIva" Type="Edm.Decimal" Nullable="false" Precision="15" Scale="3" sap:unit="Meins" sap:label="ENTREGADO_IVA" sap:creatable="false" sap:updatable="false" sap:sortable="false" sap:filterable="false"/>
                <Property Name="PendienteAcuerdo" Type="Edm.Decimal" Nullable="false" Precision="15" Scale="3" sap:unit="Meins" sap:label="PENDIENTE_ACUERDO" sap:creatable="false" sap:updatable="false" sap:sortable="false" sap:filterable="false"/>
                <Property Name="PendienteAcuerdoIva" Type="Edm.Decimal" Nullable="false" Precision="15" Scale="3" sap:unit="Meins" sap:label="PENDIENTE_ACUERDO_IVA" sap:creatable="false" sap:updatable="false" sap:sortable="false" sap:filterable="false"/>
                <Property Name="NoEntreFacNoComp" Type="Edm.Decimal" Nullable="false" Precision="15" Scale="3" sap:unit="Meins" sap:label="NO_ENTRE_FAC_NO_COMP" sap:creatable="false" sap:updatable="false" sap:sortable="false" sap:filterable="false"/>
                <Property Name="NoEntreFacNoCompIva" Type="Edm.Decimal" Nullable="false" Precision="15" Scale="3" sap:unit="Meins" sap:label="NO_ENTRE_FAC_NO_COMP_IVA" sap:creatable="false" sap:updatable="false" sap:sortable="false" sap:filterable="false"/>
                <Property Name="Meins" Type="Edm.String" Nullable="false" MaxLength="3" sap:label="UM base" sap:creatable="false" sap:updatable="false" sap:sortable="false" sap:filterable="false" sap:semantics="unit-of-measure"/>
            </EntityType>
            <EntityType Name="MercaderiaNoFacturada" sap:content-version="1">
                <Key>
                    <PropertyRef Name="Vbeln"/>
                    <PropertyRef Name="Posnr"/>
                </Key>
                <Property Name="Vbeln" Type="Edm.String" Nullable="false" MaxLength="10" sap:label="Doc.comercial" sap:creatable="false" sap:updatable="false" sap:sortable="false" sap:filterable="false"/>
                <Property Name="Posnr" Type="Edm.String" Nullable="false" MaxLength="6" sap:label="Posición" sap:creatable="false" sap:updatable="false" sap:sortable="false" sap:filterable="false"/>
                <Property Name="Erdat" Type="Edm.DateTime" Nullable="false" Precision="7" sap:label="Creado el" sap:creatable="false" sap:updatable="false" sap:sortable="false" sap:filterable="false"/>
                <Property Name="BstdkE" Type="Edm.DateTime" Nullable="false" Precision="7" sap:label="Fecha venc. pago" sap:creatable="false" sap:updatable="false" sap:sortable="false" sap:filterable="false"/>
                <Property Name="Matnr" Type="Edm.String" Nullable="false" MaxLength="18" sap:label="Material" sap:creatable="false" sap:updatable="false" sap:sortable="false" sap:filterable="false"/>
                <Property Name="Arktx" Type="Edm.String" Nullable="false" MaxLength="40" sap:label="Denominación" sap:creatable="false" sap:updatable="false" sap:sortable="false" sap:filterable="false"/>
                <Property Name="Kondm" Type="Edm.String" Nullable="false" MaxLength="2" sap:label="Gr.materiales" sap:creatable="false" sap:updatable="false" sap:sortable="false" sap:filterable="false"/>
                <Property Name="KondmTxt" Type="Edm.String" Nullable="false" MaxLength="20" sap:label="Denominación" sap:creatable="false" sap:updatable="false" sap:sortable="false" sap:filterable="false"/>
                <Property Name="Netpr" Type="Edm.Decimal" Nullable="false" Precision="12" Scale="3" sap:label="Precio neto" sap:creatable="false" sap:updatable="false" sap:sortable="false" sap:filterable="false"/>
                <Property Name="Werks" Type="Edm.String" Nullable="false" MaxLength="4" sap:label="Centro" sap:creatable="false" sap:updatable="false" sap:sortable="false" sap:filterable="false"/>
                <Property Name="WerksName1" Type="Edm.String" Nullable="false" MaxLength="30" sap:label="Nombre 1" sap:creatable="false" sap:updatable="false" sap:sortable="false" sap:filterable="false"/>
                <Property Name="Bzirk" Type="Edm.String" Nullable="false" MaxLength="6" sap:label="Zona de ventas" sap:creatable="false" sap:updatable="false" sap:sortable="false" sap:filterable="false"/>
                <Property Name="BzirkTxt" Type="Edm.String" Nullable="false" MaxLength="20" sap:label="DenominZonaVtas" sap:creatable="false" sap:updatable="false" sap:sortable="false" sap:filterable="false"/>
                <Property Name="Gueen" Type="Edm.DateTime" Nullable="false" Precision="7" sap:label="Validez a" sap:creatable="false" sap:updatable="false" sap:sortable="false" sap:filterable="false"/>
                <Property Name="TotAcuerdo" Type="Edm.Decimal" Nullable="false" Precision="15" Scale="3" sap:unit="Meins" sap:label="TOT_ACUERDO" sap:creatable="false" sap:updatable="false" sap:sortable="false" sap:filterable="false"/>
                <Property Name="TotAcuerdoIva" Type="Edm.Decimal" Nullable="false" Precision="15" Scale="3" sap:unit="Meins" sap:label="TOT_ACUERDO_IVA" sap:creatable="false" sap:updatable="false" sap:sortable="false" sap:filterable="false"/>
                <Property Name="TotPlanEntrega" Type="Edm.Decimal" Nullable="false" Precision="15" Scale="3" sap:unit="Meins" sap:label="TOT_PLAN_ENTREGA" sap:creatable="false" sap:updatable="false" sap:sortable="false" sap:filterable="false"/>
                <Property Name="TotPlanEntregaIva" Type="Edm.Decimal" Nullable="false" Precision="15" Scale="3" sap:unit="Meins" sap:label="TOT_PLAN_ENTREGA_IVA" sap:creatable="false" sap:updatable="false" sap:sortable="false" sap:filterable="false"/>
                <Property Name="Entregado" Type="Edm.Decimal" Nullable="false" Precision="15" Scale="3" sap:unit="Meins" sap:label="ENTREGADO" sap:creatable="false" sap:updatable="false" sap:sortable="false" sap:filterable="false"/>
                <Property Name="EntregadoIva" Type="Edm.Decimal" Nullable="false" Precision="15" Scale="3" sap:unit="Meins" sap:label="ENTREGADO_IVA" sap:creatable="false" sap:updatable="false" sap:sortable="false" sap:filterable="false"/>
                <Property Name="PendienteAcuerdo" Type="Edm.Decimal" Nullable="false" Precision="15" Scale="3" sap:unit="Meins" sap:label="PENDIENTE_ACUERDO" sap:creatable="false" sap:updatable="false" sap:sortable="false" sap:filterable="false"/>
                <Property Name="PendienteAcuerdoIva" Type="Edm.Decimal" Nullable="false" Precision="15" Scale="3" sap:unit="Meins" sap:label="PENDIENTE_ACUERDO_IVA" sap:creatable="false" sap:updatable="false" sap:sortable="false" sap:filterable="false"/>
                <Property Name="NoEntreNoFac" Type="Edm.Decimal" Nullable="false" Precision="15" Scale="3" sap:unit="Meins" sap:label="NO_ENTRE_NO_FAC" sap:creatable="false" sap:updatable="false" sap:sortable="false" sap:filterable="false"/>
                <Property Name="NoEntreNoFacIva" Type="Edm.Decimal" Nullable="false" Precision="15" Scale="3" sap:unit="Meins" sap:label="NO_ENTRE_NO_FAC_IVA" sap:creatable="false" sap:updatable="false" sap:sortable="false" sap:filterable="false"/>
                <Property Name="Meins" Type="Edm.String" Nullable="false" MaxLength="3" sap:label="UM base" sap:creatable="false" sap:updatable="false" sap:sortable="false" sap:filterable="false" sap:semantics="unit-of-measure"/>
            </EntityType>
            <EntityContainer Name="ZSV_MERCADERIA_SRV_Entities" m:IsDefaultEntityContainer="true" sap:supported-formats="atom json">
                <EntitySet Name="ClienteSet" EntityType="ZSV_MERCADERIA_SRV.Cliente" sap:creatable="false" sap:updatable="false" sap:deletable="false" sap:pageable="false" sap:addressable="false" sap:content-version="1"/>
                <EntitySet Name="TotalesSet" EntityType="ZSV_MERCADERIA_SRV.Totales" sap:creatable="false" sap:updatable="false" sap:deletable="false" sap:pageable="false" sap:addressable="false" sap:content-version="1"/>
                <EntitySet Name="MercaderiaFacturadaCompensadaSet" EntityType="ZSV_MERCADERIA_SRV.MercaderiaFacturadaCompensada" sap:creatable="false" sap:updatable="false" sap:deletable="false" sap:pageable="false" sap:content-version="1"/>
                <EntitySet Name="MercaderiaFacturadaNoCompensadaSet" EntityType="ZSV_MERCADERIA_SRV.MercaderiaFacturadaNoCompensada" sap:creatable="false" sap:updatable="false" sap:deletable="false" sap:pageable="false" sap:content-version="1"/>
                <EntitySet Name="MercaderiaNoFacturadaSet" EntityType="ZSV_MERCADERIA_SRV.MercaderiaNoFacturada" sap:creatable="false" sap:updatable="false" sap:deletable="false" sap:pageable="false" sap:content-version="1"/>
            </EntityContainer>
            <atom:link rel="self" href="http://proferdev:8001/sap/opu/odata/sap/ZSV_MERCADERIA_SRV/$metadata" xmlns:atom="http://www.w3.org/2005/Atom"/>
            <atom:link rel="latest-version" href="http://proferdev:8001/sap/opu/odata/sap/ZSV_MERCADERIA_SRV/$metadata" xmlns:atom="http://www.w3.org/2005/Atom"/>
        </Schema>
    </edmx:DataServices>
</edmx:Edmx>