<?xml version="1.0" encoding="utf-8"?>
<edmx:Edmx Version="1.0" xmlns:edmx="http://schemas.microsoft.com/ado/2007/06/edmx" xmlns:m="http://schemas.microsoft.com/ado/2007/08/dataservices/metadata" xmlns:sap="http://www.sap.com/Protocols/SAPData">
    <edmx:DataServices m:DataServiceVersion="2.0">
        <Schema Namespace="ZSV_NOTIFIC_SRV" xml:lang="es" sap:schema-version="1" xmlns="http://schemas.microsoft.com/ado/2008/09/edm">
            <EntityType Name="VH_Clase" sap:content-version="1">
                <Key>
                    <PropertyRef Name="clase"/>
                </Key>
                <Property Name="clase" Type="Edm.String" Nullable="false" MaxLength="1" sap:label="Clase" sap:creatable="false" sap:updatable="false"/>
                <Property Name="descripcion" Type="Edm.String" MaxLength="25" sap:label="Descripcion" sap:creatable="false" sap:updatable="false"/>
            </EntityType>
            <EntityType Name="VH_Color" sap:content-version="1">
                <Key>
                    <PropertyRef Name="color"/>
                </Key>
                <Property Name="color" Type="Edm.String" Nullable="false" MaxLength="2" sap:label="Nro.Color" sap:creatable="false" sap:updatable="false"/>
                <Property Name="descripcion" Type="Edm.String" Nullable="false" MaxLength="45" sap:label="Descripcion" sap:creatable="false" sap:updatable="false"/>
            </EntityType>
            <EntityType Name="Notificacion" sap:content-version="1">
                <Key>
                    <PropertyRef Name="kunnr"/>
                    <PropertyRef Name="posicion"/>
                </Key>
                <Property Name="kunnr" Type="Edm.String" Nullable="false" MaxLength="10" sap:label="Cliente" sap:updatable="false"/>
                <Property Name="posicion" Type="Edm.String" Nullable="false" MaxLength="15" sap:label="Posicion" sap:updatable="false"/>
                <Property Name="usermail" Type="Edm.String" Nullable="false" MaxLength="45" sap:label="Email"/>
                <Property Name="titulo" Type="Edm.String" MaxLength="50" sap:label="Titulo"/>
                <Property Name="descripcion" Type="Edm.String" MaxLength="200" sap:label="Descripcion"/>
                <Property Name="prioridad" Type="Edm.String" MaxLength="1" sap:label="Prioridad"/>
                <Property Name="tipo" Type="Edm.String" MaxLength="1" sap:label="Tipo"/>
                <Property Name="clase" Type="Edm.String" MaxLength="1" sap:label="Rol(Cod.)"/>
                <Property Name="fdesde" Type="Edm.DateTimeOffset" Precision="0" sap:label="Valido Desde"/>
                <Property Name="fhasta" Type="Edm.DateTimeOffset" Precision="0" sap:label="Valido Hasta"/>
                <Property Name="credat" Type="Edm.DateTimeOffset" Precision="0" sap:label="Fe.Creacion"/>
                <Property Name="cruser" Type="Edm.String" MaxLength="12" sap:label="Creada por"/>
                <Property Name="leido" Type="Edm.String" MaxLength="1" sap:label="Leida"/>
                <Property Name="suspendida" Type="Edm.String" MaxLength="1" sap:label="Inactivo"/>
                <Property Name="closebtn" Type="Edm.String" MaxLength="1" sap:label="Boton Cerrar"/>
                <Property Name="link" Type="Edm.String" MaxLength="200" sap:label="Link Url" sap:sortable="false" sap:filterable="false"/>
                <Property Name="imagen" Type="Edm.String" MaxLength="45" sap:label="Icono" sap:filterable="false"/>
                <Property Name="colorimg" Type="Edm.String" MaxLength="15" sap:label="Color" sap:filterable="false"/>
                <Property Name="autor" Type="Edm.String" MaxLength="20" sap:label="Autor"/>
                <Property Name="name1" Type="Edm.String" MaxLength="35" sap:label="Nombre"/>
                <Property Name="soloactivas" Type="Edm.String" MaxLength="1" sap:label="Se muestra"/>
                <Property Name="datetime" Type="Edm.String" MaxLength="20" sap:label="Tiempo"/>
                <Property Name="brsch" Type="Edm.String" MaxLength="4" sap:label="Segmento (Cod.)"/>
                <Property Name="lzone" Type="Edm.String" MaxLength="10" sap:label="ZonaTr.(Cod.)"/>
                <Property Name="bzirk" Type="Edm.String" MaxLength="6" sap:label="Zona(Cod.)"/>
                <Property Name="roltxt" Type="Edm.String" MaxLength="15" sap:label="Rol" sap:creatable="false" sap:updatable="false" sap:value-list="fixed-values"/>
                <Property Name="linkapp" Type="Edm.String" MaxLength="200" sap:label="Link Aplicacion"/>
                <Property Name="suspusr" Type="Edm.String" MaxLength="12" sap:label="Suspendida por"/>
                <Property Name="suspdat" Type="Edm.DateTimeOffset" Precision="0" sap:label="Suspendida el"/>
                <Property Name="closeusr" Type="Edm.String" MaxLength="12" sap:label="Cerrado por"/>
                <Property Name="closedat" Type="Edm.DateTimeOffset" Precision="0" sap:label="Cerrado el"/>
                <Property Name="leidousr" Type="Edm.String" MaxLength="12" sap:label="Leido por"/>
                <Property Name="leidodat" Type="Edm.DateTimeOffset" Precision="0" sap:label="Leido el"/>
                <Property Name="brschtxt" Type="Edm.String" MaxLength="20" sap:label="Segmento" sap:value-list="fixed-values"/>
                <Property Name="bzirktxt" Type="Edm.String" MaxLength="20" sap:label=" Zona" sap:value-list="fixed-values"/>
                <NavigationProperty Name="ToCliente" Relationship="ZSV_NOTIFIC_SRV.AS_NotificacionCliente" FromRole="ToRole_AS_NotificacionCliente" ToRole="FromRole_AS_NotificacionCliente" sap:label="ToCliente"/>
            </EntityType>
            <EntityType Name="VH_Cliente" sap:content-version="1">
                <Key>
                    <PropertyRef Name="kunnr"/>
                </Key>
                <Property Name="kunnr" Type="Edm.String" Nullable="false" MaxLength="10" sap:label="Cliente" sap:creatable="false" sap:updatable="false"/>
                <Property Name="name1" Type="Edm.String" MaxLength="35" sap:label="Nombre" sap:creatable="false" sap:updatable="false"/>
                <Property Name="brsch" Type="Edm.String" MaxLength="4" sap:label="Ramo" sap:creatable="false" sap:updatable="false"/>
                <Property Name="bzirk" Type="Edm.String" MaxLength="6" sap:label="Zona Vtas" sap:creatable="false" sap:updatable="false"/>
                <Property Name="lzone" Type="Edm.String" MaxLength="10" sap:label="Zona" sap:creatable="false" sap:updatable="false"/>
                <Property Name="crole" Type="Edm.String" MaxLength="1" sap:label="Role" sap:creatable="false" sap:updatable="false"/>
                <Property Name="destinatario" Type="Edm.String" MaxLength="45" sap:label="Destinatario" sap:creatable="false" sap:updatable="false"/>
            </EntityType>
            <EntityType Name="VH_Tipo" sap:content-version="1">
                <Key>
                    <PropertyRef Name="tipo"/>
                </Key>
                <Property Name="tipo" Type="Edm.String" Nullable="false" MaxLength="1" sap:label="Tipo" sap:creatable="false" sap:updatable="false" sap:filterable="false"/>
                <Property Name="descripcion" Type="Edm.String" Nullable="false" MaxLength="20" sap:label="Descripcion" sap:creatable="false" sap:updatable="false" sap:filterable="false"/>
            </EntityType>
            <EntityType Name="VH_Prioridad" sap:content-version="1">
                <Key>
                    <PropertyRef Name="prioridad"/>
                </Key>
                <Property Name="prioridad" Type="Edm.String" Nullable="false" MaxLength="1" sap:label="Prioridad" sap:creatable="false" sap:updatable="false" sap:filterable="false"/>
                <Property Name="descripcion" Type="Edm.String" Nullable="false" MaxLength="20" sap:label="Descripcion" sap:creatable="false" sap:updatable="false" sap:filterable="false"/>
            </EntityType>
            <EntityType Name="VH_Ramo" sap:content-version="1">
                <Key>
                    <PropertyRef Name="brsch"/>
                </Key>
                <Property Name="brsch" Type="Edm.String" Nullable="false" MaxLength="4" sap:label="Ramo" sap:creatable="false" sap:updatable="false"/>
                <Property Name="brtxt" Type="Edm.String" MaxLength="20" sap:label="Descripcion" sap:creatable="false" sap:updatable="false"/>
            </EntityType>
            <EntityType Name="VH_Zona" sap:content-version="1">
                <Key>
                    <PropertyRef Name="zone1"/>
                </Key>
                <Property Name="zone1" Type="Edm.String" Nullable="false" MaxLength="6" sap:label="Cod.Zona" sap:creatable="false" sap:updatable="false"/>
                <Property Name="vtext" Type="Edm.String" MaxLength="20" sap:label="Zona" sap:creatable="false" sap:updatable="false"/>
            </EntityType>
            <EntityType Name="VH_Receptor" sap:content-version="1">
                <Key>
                    <PropertyRef Name="kunnr"/>
                    <PropertyRef Name="crole"/>
                    <PropertyRef Name="ussap"/>
                </Key>
                <Property Name="kunnr" Type="Edm.String" Nullable="false" MaxLength="10" sap:label="Cod.Cliente" sap:creatable="false" sap:updatable="false"/>
                <Property Name="crole" Type="Edm.String" Nullable="false" MaxLength="1" sap:label="Cod.Role" sap:creatable="false" sap:updatable="false"/>
                <Property Name="ussap" Type="Edm.String" Nullable="false" MaxLength="12" sap:label="Usuario" sap:creatable="false" sap:updatable="false"/>
                <Property Name="usbtp" Type="Edm.String" MaxLength="50" sap:label="Destinatario" sap:creatable="false" sap:updatable="false"/>
                <Property Name="name1" Type="Edm.String" MaxLength="35" sap:label="Cliente" sap:creatable="false" sap:updatable="false"/>
                <Property Name="rolename" Type="Edm.String" MaxLength="30" sap:label="Rol" sap:creatable="false" sap:updatable="false"/>
                <Property Name="brsch" Type="Edm.String" MaxLength="4" sap:label="Segmento" sap:creatable="false" sap:updatable="false"/>
                <Property Name="bzirk" Type="Edm.String" MaxLength="6" sap:label="Zona Vtas" sap:creatable="false" sap:updatable="false"/>
                <Property Name="brschtxt" Type="Edm.String" MaxLength="20" sap:label="Segmento" sap:creatable="false" sap:updatable="false"/>
                <Property Name="bzirktxt" Type="Edm.String" MaxLength="20" sap:label="Zona" sap:creatable="false" sap:updatable="false"/>
            </EntityType>
            <Association Name="AS_NotificacionCliente" sap:content-version="1">
                <End Type="ZSV_NOTIFIC_SRV.VH_Cliente" Multiplicity="1" Role="FromRole_AS_NotificacionCliente"/>
                <End Type="ZSV_NOTIFIC_SRV.Notificacion" Multiplicity="*" Role="ToRole_AS_NotificacionCliente"/>
                <ReferentialConstraint>
                    <Principal Role="FromRole_AS_NotificacionCliente">
                        <PropertyRef Name="kunnr"/>
                    </Principal>
                    <Dependent Role="ToRole_AS_NotificacionCliente">
                        <PropertyRef Name="kunnr"/>
                    </Dependent>
                </ReferentialConstraint>
            </Association>
            <EntityContainer Name="ZSV_NOTIFIC_SRV_Entities" m:IsDefaultEntityContainer="true" sap:supported-formats="atom json">
                <EntitySet Name="VH_ClaseSet" EntityType="ZSV_NOTIFIC_SRV.VH_Clase" sap:creatable="false" sap:updatable="false" sap:deletable="false" sap:pageable="false" sap:addressable="false" sap:content-version="1" sap:semantics="fixed-values"/>
                <EntitySet Name="VH_ColorSet" EntityType="ZSV_NOTIFIC_SRV.VH_Color" sap:creatable="false" sap:updatable="false" sap:deletable="false" sap:pageable="false" sap:addressable="false" sap:content-version="1"/>
                <EntitySet Name="NotificacionSet" EntityType="ZSV_NOTIFIC_SRV.Notificacion" sap:creatable="false" sap:updatable="false" sap:deletable="false" sap:pageable="false" sap:addressable="false" sap:content-version="1"/>
                <EntitySet Name="VH_ClienteSet" EntityType="ZSV_NOTIFIC_SRV.VH_Cliente" sap:creatable="false" sap:updatable="false" sap:deletable="false" sap:pageable="false" sap:addressable="false" sap:content-version="1"/>
                <EntitySet Name="VH_TipoSet" EntityType="ZSV_NOTIFIC_SRV.VH_Tipo" sap:creatable="false" sap:updatable="false" sap:deletable="false" sap:pageable="false" sap:addressable="false" sap:content-version="1"/>
                <EntitySet Name="VH_PrioridadSet" EntityType="ZSV_NOTIFIC_SRV.VH_Prioridad" sap:creatable="false" sap:updatable="false" sap:deletable="false" sap:pageable="false" sap:addressable="false" sap:content-version="1"/>
                <EntitySet Name="VH_RamoSet" EntityType="ZSV_NOTIFIC_SRV.VH_Ramo" sap:creatable="false" sap:updatable="false" sap:deletable="false" sap:pageable="false" sap:addressable="false" sap:content-version="1" sap:semantics="fixed-values"/>
                <EntitySet Name="VH_ZonaSet" EntityType="ZSV_NOTIFIC_SRV.VH_Zona" sap:creatable="false" sap:updatable="false" sap:deletable="false" sap:pageable="false" sap:addressable="false" sap:content-version="1" sap:semantics="fixed-values"/>
                <EntitySet Name="VH_ReceptorSet" EntityType="ZSV_NOTIFIC_SRV.VH_Receptor" sap:creatable="false" sap:updatable="false" sap:deletable="false" sap:pageable="false" sap:addressable="false" sap:content-version="1"/>
                <AssociationSet Name="AS_NotificacionCliente_AssocSet" Association="ZSV_NOTIFIC_SRV.AS_NotificacionCliente" sap:creatable="false" sap:updatable="false" sap:deletable="false" sap:content-version="1">
                    <End EntitySet="VH_ClienteSet" Role="FromRole_AS_NotificacionCliente"/>
                    <End EntitySet="NotificacionSet" Role="ToRole_AS_NotificacionCliente"/>
                </AssociationSet>
            </EntityContainer>
            <Annotations Target="ZSV_NOTIFIC_SRV.Notificacion/roltxt" xmlns="http://docs.oasis-open.org/odata/ns/edm">
                <Annotation Term="com.sap.vocabularies.Common.v1.ValueList">
                    <Record Type="com.sap.vocabularies.Common.v1.ValueListType">
                        <PropertyValue Property="CollectionPath" String="VH_ClaseSet"/>
                        <PropertyValue Property="SearchSupported" Bool="true"/>
                        <PropertyValue Property="Parameters">
                            <Collection>
                                <Record Type="com.sap.vocabularies.Common.v1.ValueListParameterOut">
                                    <PropertyValue Property="LocalDataProperty" PropertyPath="roltxt"/>
                                    <PropertyValue Property="ValueListProperty" String="descripcion"/>
                                </Record>
                            </Collection>
                        </PropertyValue>
                    </Record>
                </Annotation>
            </Annotations>
            <Annotations Target="ZSV_NOTIFIC_SRV.Notificacion/brschtxt" xmlns="http://docs.oasis-open.org/odata/ns/edm">
                <Annotation Term="com.sap.vocabularies.Common.v1.ValueList">
                    <Record Type="com.sap.vocabularies.Common.v1.ValueListType">
                        <PropertyValue Property="CollectionPath" String="VH_RamoSet"/>
                        <PropertyValue Property="SearchSupported" Bool="true"/>
                        <PropertyValue Property="Parameters">
                            <Collection>
                                <Record Type="com.sap.vocabularies.Common.v1.ValueListParameterOut">
                                    <PropertyValue Property="LocalDataProperty" PropertyPath="brschtxt"/>
                                    <PropertyValue Property="ValueListProperty" String="brtxt"/>
                                </Record>
                            </Collection>
                        </PropertyValue>
                    </Record>
                </Annotation>
            </Annotations>
            <Annotations Target="ZSV_NOTIFIC_SRV.Notificacion/bzirktxt" xmlns="http://docs.oasis-open.org/odata/ns/edm">
                <Annotation Term="com.sap.vocabularies.Common.v1.ValueList">
                    <Record Type="com.sap.vocabularies.Common.v1.ValueListType">
                        <PropertyValue Property="CollectionPath" String="VH_ZonaSet"/>
                        <PropertyValue Property="SearchSupported" Bool="true"/>
                        <PropertyValue Property="Parameters">
                            <Collection>
                                <Record Type="com.sap.vocabularies.Common.v1.ValueListParameterOut">
                                    <PropertyValue Property="LocalDataProperty" PropertyPath="bzirktxt"/>
                                    <PropertyValue Property="ValueListProperty" String="vtext"/>
                                </Record>
                            </Collection>
                        </PropertyValue>
                    </Record>
                </Annotation>
            </Annotations>
            <Annotations Target="ZSV_NOTIFIC_SRV.Notificacion/kunnr" xmlns="http://docs.oasis-open.org/odata/ns/edm">
                <Annotation Term="com.sap.vocabularies.Common.v1.ValueList">
                    <Record Type="com.sap.vocabularies.Common.v1.ValueListType">
                        <PropertyValue Property="CollectionPath" String="VH_ClienteSet"/>
                        <PropertyValue Property="SearchSupported" Bool="true"/>
                        <PropertyValue Property="Parameters">
                            <Collection>
                                <Record Type="com.sap.vocabularies.Common.v1.ValueListParameterOut">
                                    <PropertyValue Property="LocalDataProperty" PropertyPath="kunnr"/>
                                    <PropertyValue Property="ValueListProperty" String="kunnr"/>
                                </Record>
                                <Record Type="com.sap.vocabularies.Common.v1.ValueListParameterDisplayOnly">
                                    <PropertyValue Property="ValueListProperty" String="name1"/>
                                </Record>
                            </Collection>
                        </PropertyValue>
                    </Record>
                </Annotation>
            </Annotations>
            <atom:link rel="self" href="http://d02profer:8001/sap/opu/odata/sap/ZSV_NOTIFIC_SRV/$metadata" xmlns:atom="http://www.w3.org/2005/Atom"/>
            <atom:link rel="latest-version" href="http://d02profer:8001/sap/opu/odata/sap/ZSV_NOTIFIC_SRV/$metadata" xmlns:atom="http://www.w3.org/2005/Atom"/>
        </Schema>
    </edmx:DataServices>
</edmx:Edmx>