<?xml version="1.0" encoding="utf-8"?>
<edmx:Edmx Version="1.0" xmlns:edmx="http://schemas.microsoft.com/ado/2007/06/edmx" xmlns:m="http://schemas.microsoft.com/ado/2007/08/dataservices/metadata" xmlns:sap="http://www.sap.com/Protocols/SAPData">
    <edmx:DataServices m:DataServiceVersion="2.0">
        <Schema Namespace="ZSV_PEND_RETIRO_SRV" xml:lang="es" sap:schema-version="1" xmlns="http://schemas.microsoft.com/ado/2008/09/edm">
            <EntityType Name="Pendiente" sap:content-version="1">
                <Key>
                    <PropertyRef Name="vbeln"/>
                    <PropertyRef Name="posnr"/>
                </Key>
                <Property Name="vbeln" Type="Edm.String" Nullable="false" MaxLength="10" sap:label="Ac.Negocio" sap:creatable="false" sap:updatable="false"/>
                <Property Name="posnr" Type="Edm.String" Nullable="false" MaxLength="6" sap:label="Pos" sap:creatable="false" sap:updatable="false"/>
                <Property Name="gbstk" Type="Edm.String" MaxLength="1" sap:label="St." sap:creatable="false" sap:updatable="false"/>
                <Property Name="gbstktxt" Type="Edm.String" MaxLength="20" sap:label="Status" sap:creatable="false" sap:updatable="false"/>
                <Property Name="erdat" Type="Edm.DateTimeOffset" Precision="0" sap:display-format="Date" sap:label="Fe.Creacion" sap:creatable="false" sap:updatable="false"/>
                <Property Name="bstdk_e" Type="Edm.DateTimeOffset" Precision="0" sap:label="Fe.VencPago" sap:creatable="false" sap:updatable="false"/>
                <Property Name="kwmeng" Type="Edm.Decimal" Precision="15" Scale="3" sap:label="Cant.Pedida" sap:creatable="false" sap:updatable="false"/>
                <Property Name="lfimg" Type="Edm.Decimal" Precision="13" Scale="3" sap:label="Cant.Entregada" sap:creatable="false" sap:updatable="false"/>
                <Property Name="klmeng" Type="Edm.Decimal" Precision="15" Scale="3" sap:label="CantAcConf.UMB" sap:creatable="false" sap:updatable="false" sap:filterable="false"/>
                <Property Name="btgew" Type="Edm.Decimal" Precision="13" Scale="3" sap:label="Cant.Cupeada" sap:creatable="false" sap:updatable="false"/>
                <Property Name="bzirk" Type="Edm.String" MaxLength="6" sap:label="Zona(Cod.)" sap:creatable="false" sap:updatable="false"/>
                <Property Name="kunnr" Type="Edm.String" MaxLength="10" sap:label="Cliente" sap:creatable="false" sap:updatable="false"/>
                <Property Name="matnr" Type="Edm.String" MaxLength="18" sap:label="Material" sap:creatable="false" sap:updatable="false"/>
                <Property Name="arktx" Type="Edm.String" MaxLength="40" sap:label="Producto" sap:creatable="false" sap:updatable="false"/>
                <Property Name="werks" Type="Edm.String" MaxLength="4" sap:label="Centro(Cod.)" sap:creatable="false" sap:updatable="false"/>
                <Property Name="werkstxt" Type="Edm.String" MaxLength="30" sap:label="Centro" sap:creatable="false" sap:updatable="false" sap:value-list="fixed-values"/>
                <Property Name="kkber" Type="Edm.String" MaxLength="4" sap:label="Area(Cod.)" sap:creatable="false" sap:updatable="false"/>
                <Property Name="kkbtx" Type="Edm.String" MaxLength="35" sap:label="Area" sap:creatable="false" sap:updatable="false"/>
                <Property Name="netpr" Type="Edm.Decimal" Precision="11" Scale="2" sap:label="Precio" sap:creatable="false" sap:updatable="false" sap:filterable="false"/>
                <Property Name="mora" Type="Edm.Int16" sap:label="Dias de Mora" sap:creatable="false" sap:updatable="false"/>
                <Property Name="vencido" Type="Edm.String" MaxLength="1" sap:label="Vencido" sap:creatable="false" sap:updatable="false"/>
                <Property Name="name1" Type="Edm.String" MaxLength="35" sap:label="Nombre" sap:creatable="false" sap:updatable="false"/>
                <Property Name="bztxt" Type="Edm.String" MaxLength="20" sap:label="Zona" sap:creatable="false" sap:updatable="false" sap:value-list="fixed-values"/>
                <Property Name="compos" Type="Edm.String" MaxLength="50" sap:label="Composicion" sap:creatable="false" sap:updatable="false"/>
                <Property Name="kondm" Type="Edm.String" MaxLength="2" sap:label="Presentacion(Cod.)" sap:creatable="false" sap:updatable="false"/>
                <Property Name="kondmtxt" Type="Edm.String" MaxLength="20" sap:label="Presentacion" sap:creatable="false" sap:updatable="false"/>
                <Property Name="saldo" Type="Edm.Decimal" Precision="15" Scale="3" sap:label="Cant.Pendiente" sap:creatable="false" sap:updatable="false"/>
                <Property Name="facturado" Type="Edm.Decimal" Precision="15" Scale="3" sap:label="Facturado" sap:creatable="false" sap:updatable="false" sap:filterable="false"/>
                <NavigationProperty Name="ToFacturas" Relationship="ZSV_PEND_RETIRO_SRV.AS_AcuerdosFacturas" FromRole="FromRole_AS_AcuerdosFacturas" ToRole="ToRole_AS_AcuerdosFacturas"/>
                <NavigationProperty Name="ToEntregas" Relationship="ZSV_PEND_RETIRO_SRV.AS_AcuerdosEntregas" FromRole="FromRole_AS_AcuerdosEntregas" ToRole="ToRole_AS_AcuerdosEntregas"/>
            </EntityType>
            <EntityType Name="Factura" sap:content-version="1">
                <Key>
                    <PropertyRef Name="vbeln"/>
                    <PropertyRef Name="posnr"/>
                    <PropertyRef Name="vbeln_f"/>
                    <PropertyRef Name="xblnr_f"/>
                </Key>
                <Property Name="vbeln" Type="Edm.String" Nullable="false" MaxLength="10" sap:label="Ac.Negocio" sap:creatable="false" sap:updatable="false"/>
                <Property Name="posnr" Type="Edm.String" Nullable="false" MaxLength="6" sap:label="Ac.Posicion" sap:creatable="false" sap:updatable="false"/>
                <Property Name="vbeln_f" Type="Edm.String" Nullable="false" MaxLength="10" sap:label="Nro.Interno(Fc)" sap:creatable="false" sap:updatable="false" sap:filterable="false"/>
                <Property Name="xblnr_f" Type="Edm.String" Nullable="false" MaxLength="16" sap:label="Factura" sap:creatable="false" sap:updatable="false" sap:filterable="false"/>
                <Property Name="fkimg" Type="Edm.Decimal" Precision="11" Scale="3" sap:label="Facturado" sap:creatable="false" sap:updatable="false" sap:filterable="false"/>
                <Property Name="fkdat" Type="Edm.DateTimeOffset" Precision="0" sap:label="Fecha" sap:creatable="false" sap:updatable="false" sap:filterable="false"/>
                <Property Name="noimp" Type="Edm.String" MaxLength="1" sap:label="No.Imp." sap:creatable="false" sap:updatable="false" sap:filterable="false"/>
                <Property Name="compensado" Type="Edm.String" MaxLength="1" sap:label="Compensada" sap:creatable="false" sap:updatable="false" sap:filterable="false"/>
                <Property Name="blart" Type="Edm.String" Nullable="false" MaxLength="2" sap:label="Tipo(Cod.)" sap:creatable="false" sap:updatable="false" sap:filterable="false"/>
                <Property Name="ltext" Type="Edm.String" Nullable="false" MaxLength="20" sap:label="Tipo" sap:creatable="false" sap:updatable="false" sap:filterable="false"/>
            </EntityType>
            <EntityType Name="Entrega" sap:content-version="1">
                <Key>
                    <PropertyRef Name="vbeln"/>
                    <PropertyRef Name="posnr"/>
                    <PropertyRef Name="vbeln_e"/>
                    <PropertyRef Name="xblnr_e"/>
                </Key>
                <Property Name="vbeln" Type="Edm.String" Nullable="false" MaxLength="10" sap:label="c.Negocio" sap:creatable="false" sap:updatable="false"/>
                <Property Name="posnr" Type="Edm.String" Nullable="false" MaxLength="6" sap:label="Ac.Posicon" sap:creatable="false" sap:updatable="false"/>
                <Property Name="vbeln_e" Type="Edm.String" Nullable="false" MaxLength="10" sap:label="Entrega" sap:creatable="false" sap:updatable="false" sap:filterable="false"/>
                <Property Name="xblnr_e" Type="Edm.String" Nullable="false" MaxLength="25" sap:label="Remito" sap:creatable="false" sap:updatable="false" sap:filterable="false"/>
                <Property Name="wadat_ist" Type="Edm.DateTimeOffset" Precision="0" sap:label="Fecha" sap:creatable="false" sap:updatable="false" sap:filterable="false"/>
                <Property Name="lfimg" Type="Edm.Decimal" Precision="11" Scale="3" sap:label="Entregado" sap:creatable="false" sap:updatable="false" sap:filterable="false"/>
                <Property Name="btgew" Type="Edm.Decimal" Precision="13" Scale="3" sap:label="Por entregar" sap:creatable="false" sap:updatable="false" sap:filterable="false"/>
            </EntityType>
            <EntityType Name="VH_Productos" sap:content-version="1">
                <Key>
                    <PropertyRef Name="matnr"/>
                </Key>
                <Property Name="matnr" Type="Edm.String" Nullable="false" MaxLength="18" sap:label="Nro.Material" sap:creatable="false" sap:updatable="false"/>
                <Property Name="maktx" Type="Edm.String" MaxLength="40" sap:label="Material" sap:creatable="false" sap:updatable="false"/>
                <Property Name="material" Type="Edm.String" MaxLength="70" sap:label="Material/Nro.Material" sap:creatable="false" sap:updatable="false"/>
            </EntityType>
            <EntityType Name="VH_Clientes" sap:content-version="1">
                <Key>
                    <PropertyRef Name="kunnr"/>
                </Key>
                <Property Name="kunnr" Type="Edm.String" Nullable="false" MaxLength="10" sap:label="Cliente" sap:creatable="false" sap:updatable="false"/>
                <Property Name="bzirk" Type="Edm.String" MaxLength="6" sap:label="Zona" sap:creatable="false" sap:updatable="false" sap:sortable="false"/>
                <Property Name="name1" Type="Edm.String" MaxLength="30" sap:label="Nombre" sap:creatable="false" sap:updatable="false"/>
            </EntityType>
            <EntityType Name="VH_Zonas" sap:content-version="1">
                <Key>
                    <PropertyRef Name="bzirk"/>
                </Key>
                <Property Name="bzirk" Type="Edm.String" Nullable="false" MaxLength="6" sap:label="Zona" sap:creatable="false" sap:updatable="false"/>
                <Property Name="bztxt" Type="Edm.String" MaxLength="20" sap:label="Denominacion" sap:creatable="false" sap:updatable="false"/>
            </EntityType>
            <EntityType Name="VH_Centros" sap:content-version="1">
                <Key>
                    <PropertyRef Name="werks"/>
                </Key>
                <Property Name="werks" Type="Edm.String" Nullable="false" MaxLength="4" sap:label="Centro" sap:creatable="false" sap:updatable="false"/>
                <Property Name="name1" Type="Edm.String" MaxLength="30" sap:label="Denominacion" sap:creatable="false" sap:updatable="false"/>
            </EntityType>
            <Association Name="AS_AcuerdosEntregas" sap:content-version="1">
                <End Type="ZSV_PEND_RETIRO_SRV.Pendiente" Multiplicity="1" Role="FromRole_AS_AcuerdosEntregas"/>
                <End Type="ZSV_PEND_RETIRO_SRV.Entrega" Multiplicity="*" Role="ToRole_AS_AcuerdosEntregas"/>
                <ReferentialConstraint>
                    <Principal Role="FromRole_AS_AcuerdosEntregas">
                        <PropertyRef Name="posnr"/>
                        <PropertyRef Name="vbeln"/>
                    </Principal>
                    <Dependent Role="ToRole_AS_AcuerdosEntregas">
                        <PropertyRef Name="posnr"/>
                        <PropertyRef Name="vbeln"/>
                    </Dependent>
                </ReferentialConstraint>
            </Association>
            <Association Name="AS_AcuerdosFacturas" sap:content-version="1">
                <End Type="ZSV_PEND_RETIRO_SRV.Pendiente" Multiplicity="1" Role="FromRole_AS_AcuerdosFacturas"/>
                <End Type="ZSV_PEND_RETIRO_SRV.Factura" Multiplicity="*" Role="ToRole_AS_AcuerdosFacturas"/>
                <ReferentialConstraint>
                    <Principal Role="FromRole_AS_AcuerdosFacturas">
                        <PropertyRef Name="posnr"/>
                        <PropertyRef Name="vbeln"/>
                    </Principal>
                    <Dependent Role="ToRole_AS_AcuerdosFacturas">
                        <PropertyRef Name="posnr"/>
                        <PropertyRef Name="vbeln"/>
                    </Dependent>
                </ReferentialConstraint>
            </Association>
            <EntityContainer Name="ZSV_PEND_RETIRO_SRV_Entities" m:IsDefaultEntityContainer="true" sap:supported-formats="atom json">
                <EntitySet Name="PendienteSet" EntityType="ZSV_PEND_RETIRO_SRV.Pendiente" sap:creatable="false" sap:updatable="false" sap:deletable="false" sap:pageable="false" sap:addressable="false" sap:content-version="1"/>
                <EntitySet Name="FacturaSet" EntityType="ZSV_PEND_RETIRO_SRV.Factura" sap:creatable="false" sap:updatable="false" sap:deletable="false" sap:pageable="false" sap:addressable="false" sap:content-version="1"/>
                <EntitySet Name="EntregaSet" EntityType="ZSV_PEND_RETIRO_SRV.Entrega" sap:creatable="false" sap:updatable="false" sap:deletable="false" sap:pageable="false" sap:addressable="false" sap:content-version="1"/>
                <EntitySet Name="VH_ProductosSet" EntityType="ZSV_PEND_RETIRO_SRV.VH_Productos" sap:creatable="false" sap:updatable="false" sap:deletable="false" sap:pageable="false" sap:addressable="false" sap:content-version="1"/>
                <EntitySet Name="VH_ClientesSet" EntityType="ZSV_PEND_RETIRO_SRV.VH_Clientes" sap:creatable="false" sap:updatable="false" sap:deletable="false" sap:pageable="false" sap:addressable="false" sap:content-version="1"/>
                <EntitySet Name="VH_ZonasSet" EntityType="ZSV_PEND_RETIRO_SRV.VH_Zonas" sap:creatable="false" sap:updatable="false" sap:deletable="false" sap:pageable="false" sap:addressable="false" sap:content-version="1" sap:semantics="fixed-values"/>
                <EntitySet Name="VH_CentrosSet" EntityType="ZSV_PEND_RETIRO_SRV.VH_Centros" sap:creatable="false" sap:updatable="false" sap:deletable="false" sap:pageable="false" sap:addressable="false" sap:content-version="1" sap:semantics="fixed-values"/>
                <AssociationSet Name="AS_AcuerdosEntregas_AssocSet" Association="ZSV_PEND_RETIRO_SRV.AS_AcuerdosEntregas" sap:creatable="false" sap:updatable="false" sap:deletable="false" sap:content-version="1">
                    <End EntitySet="PendienteSet" Role="FromRole_AS_AcuerdosEntregas"/>
                    <End EntitySet="EntregaSet" Role="ToRole_AS_AcuerdosEntregas"/>
                </AssociationSet>
                <AssociationSet Name="AS_AcuerdosFacturas_AssocSet" Association="ZSV_PEND_RETIRO_SRV.AS_AcuerdosFacturas" sap:creatable="false" sap:updatable="false" sap:deletable="false" sap:content-version="1">
                    <End EntitySet="PendienteSet" Role="FromRole_AS_AcuerdosFacturas"/>
                    <End EntitySet="FacturaSet" Role="ToRole_AS_AcuerdosFacturas"/>
                </AssociationSet>
            </EntityContainer>
            <Annotations Target="ZSV_PEND_RETIRO_SRV.Pendiente/arktx" xmlns="http://docs.oasis-open.org/odata/ns/edm">
                <Annotation Term="com.sap.vocabularies.Common.v1.ValueList">
                    <Record Type="com.sap.vocabularies.Common.v1.ValueListType">
                        <PropertyValue Property="CollectionPath" String="VH_ProductosSet"/>
                        <PropertyValue Property="SearchSupported" Bool="true"/>
                        <PropertyValue Property="Parameters">
                            <Collection>
                                <Record Type="com.sap.vocabularies.Common.v1.ValueListParameterOut">
                                    <PropertyValue Property="LocalDataProperty" PropertyPath="arktx"/>
                                    <PropertyValue Property="ValueListProperty" String="maktx"/>
                                </Record>
                                <Record Type="com.sap.vocabularies.Common.v1.ValueListParameterDisplayOnly">
                                    <PropertyValue Property="ValueListProperty" String="material"/>
                                </Record>
                            </Collection>
                        </PropertyValue>
                    </Record>
                </Annotation>
            </Annotations>
            <Annotations Target="ZSV_PEND_RETIRO_SRV.Pendiente/name1" xmlns="http://docs.oasis-open.org/odata/ns/edm">
                <Annotation Term="com.sap.vocabularies.Common.v1.ValueList">
                    <Record Type="com.sap.vocabularies.Common.v1.ValueListType">
                        <PropertyValue Property="CollectionPath" String="VH_ClientesSet"/>
                        <PropertyValue Property="SearchSupported" Bool="true"/>
                        <PropertyValue Property="Parameters">
                            <Collection>
                                <Record Type="com.sap.vocabularies.Common.v1.ValueListParameterOut">
                                    <PropertyValue Property="LocalDataProperty" PropertyPath="name1"/>
                                    <PropertyValue Property="ValueListProperty" String="name1"/>
                                </Record>
                                <Record Type="com.sap.vocabularies.Common.v1.ValueListParameterDisplayOnly">
                                    <PropertyValue Property="ValueListProperty" String="kunnr"/>
                                </Record>
                            </Collection>
                        </PropertyValue>
                    </Record>
                </Annotation>
            </Annotations>
            <Annotations Target="ZSV_PEND_RETIRO_SRV.Pendiente/kunnr" xmlns="http://docs.oasis-open.org/odata/ns/edm">
                <Annotation Term="com.sap.vocabularies.Common.v1.ValueList">
                    <Record Type="com.sap.vocabularies.Common.v1.ValueListType">
                        <PropertyValue Property="CollectionPath" String="VH_ClientesSet"/>
                        <PropertyValue Property="SearchSupported" Bool="true"/>
                        <PropertyValue Property="Parameters">
                            <Collection>
                                <Record Type="com.sap.vocabularies.Common.v1.ValueListParameterOut">
                                    <PropertyValue Property="LocalDataProperty" PropertyPath="kunnr"/>
                                    <PropertyValue Property="ValueListProperty" String="kunnr"/>
                                </Record>
                                <Record Type="com.sap.vocabularies.Common.v1.ValueListParameterDisplayOnly">
                                    <PropertyValue Property="ValueListProperty" String="name1"/>
                                </Record>
                            </Collection>
                        </PropertyValue>
                    </Record>
                </Annotation>
            </Annotations>
            <Annotations Target="ZSV_PEND_RETIRO_SRV.Pendiente/werkstxt" xmlns="http://docs.oasis-open.org/odata/ns/edm">
                <Annotation Term="com.sap.vocabularies.Common.v1.ValueList">
                    <Record Type="com.sap.vocabularies.Common.v1.ValueListType">
                        <PropertyValue Property="CollectionPath" String="VH_CentrosSet"/>
                        <PropertyValue Property="SearchSupported" Bool="true"/>
                        <PropertyValue Property="Parameters">
                            <Collection>
                                <Record Type="com.sap.vocabularies.Common.v1.ValueListParameterOut">
                                    <PropertyValue Property="LocalDataProperty" PropertyPath="werkstxt"/>
                                    <PropertyValue Property="ValueListProperty" String="name1"/>
                                </Record>
                            </Collection>
                        </PropertyValue>
                    </Record>
                </Annotation>
            </Annotations>
            <Annotations Target="ZSV_PEND_RETIRO_SRV.Pendiente/bztxt" xmlns="http://docs.oasis-open.org/odata/ns/edm">
                <Annotation Term="com.sap.vocabularies.Common.v1.ValueList">
                    <Record Type="com.sap.vocabularies.Common.v1.ValueListType">
                        <PropertyValue Property="CollectionPath" String="VH_ZonasSet"/>
                        <PropertyValue Property="SearchSupported" Bool="true"/>
                        <PropertyValue Property="Parameters">
                            <Collection>
                                <Record Type="com.sap.vocabularies.Common.v1.ValueListParameterOut">
                                    <PropertyValue Property="LocalDataProperty" PropertyPath="bztxt"/>
                                    <PropertyValue Property="ValueListProperty" String="bztxt"/>
                                </Record>
                            </Collection>
                        </PropertyValue>
                    </Record>
                </Annotation>
            </Annotations>
            <atom:link rel="self" href="http://proferdev:8001/sap/opu/odata/sap/ZSV_PEND_RETIRO_SRV/$metadata" xmlns:atom="http://www.w3.org/2005/Atom"/>
            <atom:link rel="latest-version" href="http://proferdev:8001/sap/opu/odata/sap/ZSV_PEND_RETIRO_SRV/$metadata" xmlns:atom="http://www.w3.org/2005/Atom"/>
        </Schema>
    </edmx:DataServices>
</edmx:Edmx>